run,zp
364584,21.39
364585,24.53
364586,23.89
364587,21.39
364588,24.53
364589,23.89
364602,21.39
364603,24.53
364604,23.89
364605,21.39
364606,24.53
364607,23.89
364614,21.39
364615,24.53
364616,23.89
364617,21.39
364618,24.53
364619,23.89
364670,21.39
364671,24.53
364672,23.89
364673,21.39
364674,24.53
364675,23.89
364682,21.39
364683,24.53
364684,23.89
364685,21.39
364686,24.53
364687,23.89
364688,21.39
364689,24.53
364690,23.89
364691,21.39
364692,24.53
364693,23.89
364700,21.39
364701,24.53
364702,23.89
364703,21.39
364704,24.53
364705,23.89
364718,21.39
364719,24.53
364720,23.89
364721,21.39
364722,24.53
364723,23.89
364730,21.39
364731,24.53
364732,23.89
364733,21.39
364734,24.53
364735,23.89
364736,21.39
364737,24.53
364738,23.89
364739,21.39
364740,24.53
364741,23.89
364742,21.39
364743,24.53
364744,23.89
364745,21.39
364746,24.53
364747,23.89
364748,21.39
364749,24.53
364750,23.89
364751,21.39
364752,24.53
364753,23.89
364754,21.39
364755,24.53
364756,23.89
364757,21.39
364758,24.53
364759,23.89
364802,21.39
364803,24.53
364804,23.89
364805,21.39
364806,24.53
364807,23.89
364808,21.39
364809,24.53
364810,23.89
364811,21.39
364812,24.53
364813,23.89
364814,21.39
364815,24.53
364816,23.89
364817,21.39
364818,24.53
364819,23.89
368709,21.37
368710,24.51
368711,23.91
368712,21.37
368713,24.51
368715,23.91
368716,21.37
368717,24.51
368718,23.91
368719,21.37
368720,24.51
368721,23.91
368722,21.37
368723,24.51
368724,23.91
368725,21.37
368726,24.51
368727,23.91
368734,21.37
368735,24.51
368736,23.91
368737,21.37
368738,24.51
368739,23.91
368740,21.37
368741,24.51
368742,23.91
368743,21.37
368744,24.51
368745,23.91
368746,21.37
368747,24.51
368748,23.91
368749,21.37
368750,24.51
368751,23.91
368752,21.37
368753,24.51
368754,23.91
368755,21.37
368756,24.51
368757,23.91
368764,21.37
368765,24.51
368766,23.91
368767,21.37
368768,24.51
368769,23.91
368770,21.37
368771,24.51
368772,23.91
368776,21.37
368777,24.51
368778,23.91
368779,21.37
368780,24.51
368781,23.91
368782,21.37
368783,24.51
368784,23.91
368785,21.37
368786,24.51
368787,23.91
368788,21.37
368789,24.51
368790,23.91
368791,21.37
368792,24.51
368793,23.91
368794,21.37
368795,24.51
368796,23.91
368797,21.37
368798,24.51
368799,23.91
368800,21.37
368801,24.51
368802,23.91
368804,21.37
368805,24.51
368806,23.91
368813,21.37
368814,24.51
368815,23.91
368816,21.37
368817,24.51
368818,23.91
368825,21.37
368826,24.51
368827,23.91
368828,21.37
368829,24.51
368830,23.91
368834,21.37
368835,24.51
368836,23.91
368837,21.37
368838,24.51
368839,23.91
368840,21.37
368841,24.51
368842,23.91
368843,21.37
368844,24.51
368845,23.91
368846,21.37
368847,24.51
368848,23.91
368849,21.37
368850,24.51
368851,23.91
368852,21.37
368853,24.51
368854,23.91
368855,21.37
368856,24.51
368857,23.91
368858,21.37
368859,24.51
368860,23.91
368861,21.37
368862,24.51
368863,23.91
368864,21.37
368865,24.51
368866,23.91
368867,21.37
368868,24.51
368869,23.91
368870,21.37
368871,24.51
368872,23.91
368873,21.37
368874,24.51
368875,23.91
368877,21.37
368879,24.51
368880,23.91
368881,21.37
368882,24.51
368883,23.91
368884,21.37
368885,24.51
368886,23.91
368887,21.37
368888,24.51
368889,23.91
368890,21.37
368891,24.51
368892,23.91
368893,21.37
368894,24.51
368895,23.91
368896,21.37
368897,24.51
368898,23.91
368899,21.37
368900,24.51
368901,23.91
368902,21.37
368903,24.51
368904,23.91
368905,21.37
368906,24.51
368907,23.91
368908,21.37
368910,24.51
368911,23.91
368912,21.37
368913,24.51
368914,23.91
368915,21.37
368916,24.51
368917,23.91
368918,21.37
368919,24.51
368920,23.91
368921,21.37
368922,24.51
368923,23.91
368924,21.37
368925,24.51
368926,23.91
368928,21.37
368929,24.51
368930,23.91
368931,21.37
368932,24.51
368933,23.91
368940,21.37
368941,24.51
368942,23.91
368943,21.37
368944,24.51
368945,23.91
368946,21.37
368947,24.51
368948,23.91
368949,21.37
368950,24.51
368951,23.91
368952,21.37
368953,24.51
368954,23.91
368955,21.37
368956,24.51
368957,23.91
368958,21.37
368959,24.51
368960,23.91
368961,21.37
368962,24.51
368963,23.91
368964,21.37
368965,24.51
368966,23.91
368977,21.37
368978,24.51
368979,23.91
368980,21.37
368981,24.51
368982,23.91
368983,21.37
368984,24.51
368985,23.91
369960,21.37
369961,24.51
369962,23.89
369963,21.37
369964,24.51
369965,23.89
369966,21.37
369967,24.51
369968,23.89
369969,21.37
369970,24.51
369971,23.89
369972,21.37
369973,24.51
369974,23.89
369975,21.37
369976,24.51
369977,23.89
369978,21.37
369979,24.51
369980,23.89
369991,21.37
369992,24.51
369993,23.89
369994,21.37
369995,24.51
369996,23.89
369997,21.37
369998,24.51
369999,23.89
370003,21.37
370004,24.51
370005,23.89
370006,21.37
370007,24.51
370008,23.89
370009,21.37
370010,24.51
370011,23.89
370012,21.37
370013,24.51
370014,23.89
370015,21.37
370016,24.51
370017,23.89
370018,21.37
370019,24.51
370020,23.89
370021,21.37
370022,24.51
370023,23.89
370024,21.37
370025,24.51
370026,23.89
370027,21.37
370028,24.51
370029,23.89
370030,21.37
370032,24.51
370033,23.89
370034,21.37
370035,24.51
370036,23.89
370037,21.37
370038,24.51
370039,23.89
370041,21.37
370042,24.51
370043,23.89
370044,21.37
370045,24.51
370046,23.89
370047,21.37
370048,24.51
370049,23.89
370050,21.37
370051,24.51
370052,23.89
370053,21.37
370054,24.51
370055,23.89
370056,21.37
370057,24.51
370058,23.89
370059,21.37
370060,24.51
370061,23.89
370062,21.37
370063,24.51
370064,23.89
370065,21.37
370066,24.51
370067,23.89
370068,21.37
370069,24.51
370070,23.89
370071,21.37
370072,24.51
370073,23.89
370074,21.37
370075,24.51
370076,23.89
370077,21.37
370078,24.51
370079,23.89
370080,21.37
370081,24.51
370082,23.89
370083,21.37
370084,24.51
370085,23.89
370092,21.37
370094,24.51
370095,23.89
370096,21.37
370097,24.51
370098,23.89
370099,21.37
370100,24.51
370101,23.89
370102,21.37
370103,24.51
370104,23.89
370105,21.37
370106,24.51
370107,23.89
370108,21.37
370109,24.51
370110,23.89
370111,21.37
370112,24.51
370113,23.89
370114,21.37
370115,24.51
370116,23.89
370117,21.37
370118,24.51
370119,23.89
370120,21.37
370121,24.51
370122,23.89
370123,21.37
370124,24.51
370125,23.89
370126,21.37
370127,24.51
370128,23.89
370129,21.37
370130,24.51
370131,23.89
370132,21.37
370133,24.51
370134,23.89
370135,21.37
370137,24.51
370138,23.89
370139,21.37
370140,24.51
370142,23.89
370149,21.37
370150,24.51
370151,23.89
370152,21.37
370153,24.51
370154,23.89
371405,21.36
371406,24.5
371407,23.88
371408,21.36
371409,24.5
371410,23.88
371514,21.36
371515,24.5
371516,23.88
371517,21.36
371518,24.5
371519,23.88
371520,21.36
371521,24.5
371522,23.88
371523,21.36
371524,24.5
371525,23.88
371526,21.36
371527,24.5
371528,23.88
371529,21.36
371530,24.5
371531,23.88
371532,21.36
371533,24.5
371534,23.88
371535,21.38
371536,24.52
371537,23.9
371538,21.38
371539,24.52
371540,23.9
371541,21.38
371542,24.52
371543,23.9
371545,21.38
371546,24.52
371547,23.9
371548,21.38
371549,24.52
371550,23.9
371551,21.38
371552,24.52
371553,23.9
371554,21.38
371555,24.52
371556,23.9
371557,21.38
371558,24.52
371559,23.9
371560,21.38
371561,24.52
371562,23.9
371563,21.38
371564,24.52
371565,23.9
371566,21.38
371567,24.52
371568,23.9
371575,21.38
371576,24.52
371577,23.9
371578,21.38
371579,24.52
371580,23.9
371587,21.38
371588,24.52
371589,23.9
371590,21.38
371591,24.52
371592,23.9
371593,21.38
371594,24.52
371595,23.9
371596,21.38
371597,24.52
371598,23.9
371605,21.38
371606,24.52
371607,23.9
371608,21.38
371609,24.52
371610,23.9
371611,21.38
371612,24.52
371613,23.9
371614,21.38
371615,24.52
371616,23.9
371617,21.38
371618,24.52
371619,23.9
371620,21.38
371621,24.52
371622,23.9
371623,21.38
371624,24.52
371625,23.9
371626,21.38
371627,24.52
371628,23.9
371629,21.38
371630,24.52
371631,23.9
371632,21.38
371633,24.52
371634,23.9
371635,21.38
371636,24.52
371637,23.9
371638,21.38
371639,24.52
371640,23.9
371641,21.38
371642,24.52
371643,23.9
371644,21.38
371645,24.52
371646,23.9
371647,21.38
371648,24.52
371649,23.9
371650,21.38
371651,24.52
371652,23.9
371659,21.38
371660,24.52
371661,23.9
371662,21.38
371663,24.52
371664,23.9
371665,21.38
371666,24.52
371667,23.9
371668,21.38
371669,24.52
371670,23.9
371671,21.38
371672,24.52
371673,23.9
371674,21.38
371675,24.52
371677,23.9
371678,21.38
371679,24.52
371680,23.9
371681,21.38
371682,24.52
371683,23.9
371690,21.38
371691,24.52
371692,23.9
371693,21.38
371694,24.52
371695,23.9
371696,21.38
371697,24.52
371698,23.9
371699,21.38
371700,24.52
371701,23.9
371702,21.38
371703,24.52
371704,23.9
371705,21.38
371706,24.52
371707,23.9
371708,21.38
371709,24.52
371710,23.9
371711,21.38
371712,24.52
371713,23.9
371714,21.38
371715,24.52
371716,23.9
371717,21.38
371718,24.52
371719,23.9
371720,21.38
371721,24.52
371722,23.9
371723,21.38
371724,24.52
371725,23.9
371738,21.38
371739,24.52
371740,23.9
371741,21.38
371742,24.52
371743,23.9
371744,21.38
371745,24.52
371746,23.9
371747,21.38
371748,24.52
371749,23.9
371750,21.38
371751,24.52
371752,23.9
371753,21.38
371754,24.52
371755,23.9
371756,21.38
371757,24.52
371758,23.9
371759,21.38
371760,24.52
371761,23.9
372546,21.36
372547,24.5
372548,23.86
372549,21.36
372550,24.5
372551,23.86
372552,21.36
372553,24.5
372554,23.86
372555,21.36
372556,24.5
372557,23.86
372558,21.36
372559,24.5
372560,23.86
372561,21.36
372562,24.5
372563,23.86
372576,21.36
372577,24.5
372578,23.86
372579,21.36
372580,24.5
372581,23.86
372588,21.36
372589,24.5
372590,23.86
372591,21.36
372592,24.5
372593,23.86
372594,21.36
372595,24.5
372596,23.86
372597,21.36
372598,24.5
372599,23.86
372600,21.36
372601,24.5
372602,23.86
372603,21.36
372604,24.5
372605,23.86
372606,21.36
372607,24.5
372608,23.86
372609,21.36
372610,24.5
372611,23.86
372630,21.36
372631,24.5
372632,23.86
372633,21.36
372634,24.5
372635,23.86
372649,21.36
372650,24.5
372651,23.86
372652,21.36
372653,24.5
372654,23.86
372655,21.36
372656,24.5
372657,23.86
372658,21.36
372659,24.5
372660,23.86
372661,21.36
372662,24.5
372663,23.86
372664,21.36
372665,24.5
372666,23.86
372667,21.36
372668,24.5
372670,23.86
372671,21.36
372672,24.5
372673,23.86
372674,21.36
372675,24.5
372676,23.86
372677,21.36
372678,24.5
372679,23.86
372680,21.36
372681,24.5
372682,23.86
372683,21.36
372684,24.5
372686,23.86
372687,21.36
372688,24.5
372689,23.86
372690,21.36
372691,24.5
372692,23.86
372693,21.36
372694,24.5
372695,23.86
372696,21.36
372697,24.5
372698,23.86
372699,21.36
372700,24.5
372701,23.86
372702,21.36
372703,24.5
372704,23.86
372705,21.36
372706,24.5
372707,23.86
372708,21.36
372709,24.5
372710,23.86
372711,21.36
372712,24.5
372713,23.86
372714,21.36
372715,24.5
372716,23.86
372717,21.36
372718,24.5
372719,23.86
372720,21.36
372722,24.5
372723,23.86
372725,21.36
372726,24.5
372727,23.86
372728,21.36
372729,24.5
372730,23.86
372731,21.36
372732,24.5
372733,23.86
372734,21.36
372735,24.5
372736,23.86
372737,21.36
372738,24.5
372739,23.86
372740,21.36
372741,24.5
372742,23.86
372743,21.36
372744,24.5
372745,23.86
372746,21.36
372747,24.5
372748,23.86
372749,21.36
372750,24.5
372751,23.86
372752,21.36
372753,24.5
372754,23.86
372755,21.36
372756,24.5
372757,23.86
372758,21.36
372759,24.5
372760,23.86
372761,21.36
372762,24.5
372763,23.86
372764,21.36
372765,24.5
372766,23.86
372767,21.36
372768,24.5
372769,23.86
372770,21.36
372771,24.5
372772,23.86
372773,21.36
372774,24.5
372775,23.86
372776,21.36
372777,24.5
372778,23.86
372779,21.36
372780,24.5
372781,23.86
372782,21.36
372783,24.5
372784,23.86
372806,21.36
372807,24.5
372808,23.86
372809,21.36
372810,24.5
372811,23.86
372812,21.36
372813,24.5
372814,23.86
372815,21.36
372816,24.5
372817,23.86
372818,21.36
372819,24.5
372820,23.86
372821,21.36
372823,24.5
372824,23.86
372825,21.36
372826,24.5
372827,23.86
372828,21.36
372829,24.5
372830,23.86
372832,21.36
372833,24.5
372834,23.86
372835,21.36
372836,24.5
372837,23.86
372838,21.36
372839,24.5
372840,23.86
372841,21.36
372842,24.5
372843,23.86
372850,21.36
372851,24.5
372852,23.86
372853,21.36
372854,24.5
372855,23.86
372856,21.36
372857,24.5
372858,23.86
372859,21.36
372860,24.5
372861,23.86
372862,21.36
372863,24.5
372865,23.86
372866,21.36
372867,24.5
372868,23.86
372869,21.36
372870,24.5
372871,23.86
372872,21.36
372873,24.5
372874,23.86
372875,21.36
372876,24.5
372877,23.86
372878,21.36
372879,24.5
372880,23.86
372881,21.36
372882,24.5
372883,23.86
372885,21.36
372886,24.5
372887,23.86
372888,21.36
372889,24.5
372890,23.86
372891,21.36
372892,24.5
372893,23.86
372900,21.36
372901,24.5
372902,23.86
372903,21.36
372904,24.5
372905,23.86
372906,21.36
372907,24.5
372908,23.86
372910,21.36
372911,24.5
372912,23.86
372913,21.36
372914,24.5
372915,23.86
372916,21.36
372917,24.5
372918,23.86
372925,21.36
372926,24.5
372927,23.86
372928,21.36
372929,24.5
372930,23.86
372931,21.36
372932,24.5
372933,23.86
372934,21.36
372935,24.5
372936,23.86
372937,21.36
372938,24.5
372939,23.86
372940,21.36
372942,24.5
372943,23.86
372950,21.36
372951,24.5
372952,23.86
372953,21.36
372954,24.5
372955,23.86
372956,21.36
372957,24.5
372958,23.86
372959,21.36
372960,24.5
372961,23.86
373105,21.36
373106,24.5
373107,23.85
373108,21.36
373109,24.5
373111,23.85
373118,21.36
373119,24.5
373120,23.85
373121,21.36
373122,24.5
373123,23.85
373124,21.36
373125,24.5
373126,23.85
373127,21.36
373128,24.5
373129,23.85
373136,21.36
373137,24.5
373138,23.85
373139,21.36
373140,24.5
373141,23.85
373142,21.36
373143,24.5
373144,23.85
373145,21.36
373146,24.5
373147,23.85
373148,21.36
373149,24.5
373150,23.85
373151,21.36
373152,24.5
373153,23.85
373154,21.36
373155,24.5
373156,23.85
373157,21.36
373158,24.5
373159,23.85
373172,21.36
373173,24.5
373174,23.85
373175,21.36
373176,24.5
373177,23.85
373178,21.36
373179,24.5
373180,23.85
373181,21.36
373182,24.5
373183,23.85
373184,21.36
373185,24.5
373186,23.85
373187,21.36
373188,24.5
373189,23.85
373190,21.36
373191,24.5
373192,23.85
373193,21.36
373194,24.5
373195,23.85
373196,21.36
373197,24.5
373198,23.85
373199,21.36
373200,24.5
373201,23.85
373208,21.36
373209,24.5
373210,23.85
373211,21.36
373212,24.5
373213,23.85
373220,21.36
373221,24.5
373222,23.85
373223,21.36
373224,24.5
373225,23.85
373226,21.36
373227,24.5
373228,23.85
373229,21.36
373230,24.5
373231,23.85
373236,21.36
373237,24.5
373238,23.85
373239,21.36
373240,24.5
373241,23.85
373392,21.36
373393,24.5
373394,23.85
373395,21.36
373396,24.5
373397,23.85
373398,21.36
373399,24.5
373400,23.85
373401,21.36
373402,24.5
373403,23.85
373666,21.36
373667,24.5
373668,23.86
373669,21.36
373670,24.5
373671,23.86
373679,21.36
373680,24.5
373681,23.86
373682,21.36
373683,24.5
373684,23.86
373685,21.36
373686,24.5
373688,23.86
373689,21.36
373690,24.5
373691,23.86
373692,21.36
373693,24.5
373694,23.86
373695,21.36
373697,24.5
373698,23.86
373785,21.36
373786,24.5
373787,23.86
373788,21.36
373789,24.5
373790,23.86
373803,21.36
373804,24.5
373805,23.86
373806,21.36
373807,24.5
373808,23.86
373809,21.36
373810,24.5
373811,23.86
373812,21.36
373813,24.5
373814,23.86
374029,21.36
374030,24.5
374031,23.86
374032,21.36
374033,24.5
374034,23.86
374035,21.36
374036,24.5
374037,23.86
374038,21.36
374039,24.5
374040,23.86
374047,21.36
374048,24.5
374050,23.86
374051,21.36
374052,24.5
374053,23.86
374903,21.43
374904,24.57
374905,23.9
374906,21.43
374907,24.57
374908,23.9
374915,21.43
374916,24.57
374917,23.9
374918,21.43
374919,24.57
374920,23.9
374921,21.43
374922,24.57
374923,23.9
374924,21.43
374925,24.57
374926,23.9
374927,21.43
374928,24.57
374929,23.9
374930,21.43
374931,24.57
374932,23.9
374933,21.43
374934,24.57
374935,23.9
374936,21.43
374937,24.57
374938,23.9
374984,21.43
374985,24.57
374986,23.9
374987,21.43
374988,24.57
374989,23.9
374999,21.43
375000,24.57
375001,23.9
375002,21.43
375003,24.57
375004,23.9
375023,21.43
375024,24.57
375025,23.9
375026,21.43
375027,24.57
375028,23.9
375035,21.43
375036,24.57
375037,23.9
375038,21.43
375039,24.57
375040,23.9
375041,21.43
375042,24.57
375043,23.9
375044,21.43
375045,24.57
375046,23.9
375047,21.43
375048,24.57
375049,23.9
375050,21.43
375051,24.57
375052,23.9
375059,21.43
375060,24.57
375061,23.9
375062,21.43
375063,24.57
375064,23.9
375113,21.43
375114,24.57
375115,23.9
375116,21.43
375117,24.57
375118,23.9
376408,21.43
376409,24.57
376410,23.94
376411,21.43
376412,24.57
376413,23.94
376420,21.43
376421,24.57
376422,23.94
376423,21.43
376424,24.57
376425,23.94
376432,21.43
376433,24.57
376434,23.94
376435,21.43
376436,24.57
376437,23.94
376444,21.43
376445,24.57
376446,23.94
376447,21.43
376448,24.57
376449,23.94
376450,21.43
376451,24.57
376452,23.94
376453,21.43
376454,24.57
376455,23.94
376462,21.43
376463,24.57
376464,23.94
376465,21.43
376466,24.57
376467,23.94
376480,21.43
376481,24.57
376482,23.94
376483,21.43
376484,24.57
376485,23.94
376486,21.43
376487,24.57
376488,23.94
376489,21.43
376490,24.57
376491,23.94
376492,21.43
376493,24.57
376494,23.94
376495,21.43
376496,24.57
376497,23.94
376507,21.43
376508,24.57
376509,23.94
376510,21.43
376511,24.57
376512,23.94
376525,21.43
376526,24.57
376527,23.94
376528,21.43
376529,24.57
376530,23.94
376531,21.43
376533,24.57
376534,23.94
376535,21.43
376536,24.57
376537,23.94
376538,21.43
376539,24.57
376540,23.94
376541,21.43
376542,24.57
376543,23.94
376544,21.43
376545,24.57
376546,23.94
376547,21.43
376548,24.57
376549,23.94
376550,21.43
376551,24.57
376552,23.94
376553,21.43
376554,24.57
376555,23.94
376562,21.43
376563,24.57
376564,23.94
376565,21.43
376566,24.57
376567,23.94
376574,21.43
376575,24.57
376576,23.94
376577,21.43
376578,24.57
376579,23.94
376592,21.43
376593,24.57
376594,23.94
376595,21.43
376596,24.57
376597,23.94
376614,21.43
376615,24.57
376616,23.94
376617,21.43
376618,24.57
376619,23.94
376626,21.43
376627,24.57
376628,23.94
376629,21.43
376630,24.57
376631,23.94
376638,21.43
376639,24.57
376640,23.94
376641,21.43
376642,24.57
376643,23.94
376644,21.43
376645,24.57
376646,23.94
376647,21.43
376648,24.57
376649,23.94
376668,21.43
376669,24.57
376670,23.94
376671,21.43
376672,24.57
376673,23.94
379916,21.45
379917,24.59
379918,23.92
379919,21.45
379920,24.59
379921,23.92
381464,21.41
381465,24.55
381466,23.88
381467,21.41
381468,24.55
381469,23.88
381470,21.41
381471,24.55
381472,23.88
381473,21.41
381474,24.55
381475,23.88
381482,21.41
381483,24.55
381484,23.88
381485,21.41
381486,24.55
381487,23.88
381488,21.41
381489,24.55
381490,23.88
381491,21.41
381492,24.55
381493,23.88
381494,21.41
381495,24.55
381496,23.88
381497,21.41
381498,24.55
381499,23.88
381500,21.41
381501,24.55
381502,23.88
381503,21.41
381504,24.55
381505,23.88
381506,21.41
381507,24.55
381508,23.88
381509,21.41
381510,24.55
381511,23.88
381512,21.41
381513,24.55
381514,23.88
381515,21.41
381516,24.55
381517,23.88
381530,21.41
381531,24.55
381532,23.88
381533,21.41
381534,24.55
381535,23.88
381536,21.41
381537,24.55
381538,23.88
381539,21.41
381540,24.55
381541,23.88
381548,21.41
381549,24.55
381550,23.88
381551,21.41
381552,24.55
381553,23.88
381554,21.41
381555,24.55
381556,23.88
381557,21.41
381558,24.55
381559,23.88
381578,21.41
381579,24.55
381580,23.88
381581,21.41
381582,24.55
381583,23.88
381590,21.41
381591,24.55
381592,23.88
381593,21.41
381594,24.55
381595,23.88
381602,21.41
381603,24.55
381604,23.88
381605,21.41
381606,24.55
381607,23.88
381615,21.41
381616,24.55
381617,23.88
381618,21.41
381619,24.55
381620,23.88
381627,21.41
381628,24.55
381629,23.88
381630,21.41
381631,24.55
381632,23.88
381645,21.41
381646,24.55
381647,23.88
381648,21.41
381649,24.55
381650,23.88
381663,21.41
381664,24.55
381665,23.88
381666,21.41
381667,24.55
381668,23.88
381681,21.41
381682,24.55
381683,23.88
381684,21.41
381685,24.55
381686,23.88
381699,21.41
381700,24.55
381701,23.88
381702,21.41
381703,24.55
381704,23.88
381705,21.41
381706,24.55
381707,23.88
381708,21.41
381709,24.55
381710,23.88
381723,21.41
381724,24.55
381725,23.88
381726,21.41
381727,24.55
381728,23.88
381735,21.41
381736,24.55
381737,23.88
381738,21.41
381739,24.55
381740,23.88
381747,21.41
381748,24.55
381749,23.88
381750,21.41
381751,24.55
381752,23.88
381759,21.41
381760,24.55
381761,23.88
381762,21.41
381763,24.55
381764,23.88
381771,21.41
381772,24.55
381773,23.88
381774,21.41
381775,24.55
381776,23.88
381789,21.41
381790,24.55
381791,23.88
381792,21.41
381793,24.55
381794,23.88
381795,21.41
381796,24.55
381797,23.88
381798,21.41
381799,24.55
381800,23.88
401504,21.38
401505,24.52
401506,23.9
401507,21.38
401508,24.52
401509,23.9
401522,21.38
401523,24.52
401524,23.9
401525,21.38
401526,24.52
401527,23.9
401528,21.38
401529,24.52
401530,23.9
401531,21.38
401532,24.52
401533,23.9
401534,21.38
401535,24.52
401536,23.9
401537,21.38
401538,24.52
401539,23.9
401546,21.38
401547,24.52
401548,23.9
401549,21.38
401550,24.52
401551,23.9
401552,21.38
401553,24.52
401554,23.9
401555,21.38
401556,24.52
401557,23.9
401558,21.38
401559,24.52
401560,23.9
401561,21.38
401562,24.52
401563,23.9
401564,21.38
401565,24.52
401566,23.9
401567,21.38
401568,24.52
401569,23.9
401570,21.38
401571,24.52
401572,23.9
401582,21.38
401583,24.52
401584,23.9
401585,21.38
401586,24.52
401587,23.9
401588,21.38
401589,24.52
401590,23.9
401591,21.38
401592,24.52
401593,23.9
401594,21.38
401595,24.52
401596,23.9
401597,21.38
401598,24.52
401599,23.9
401600,21.38
401601,24.52
401602,23.9
401603,21.38
401604,24.52
401605,23.9
401606,21.38
401607,24.52
401608,23.9
401615,21.38
401616,24.52
401617,23.9
401618,21.38
401619,24.52
401620,23.9
401633,21.38
401634,24.52
401635,23.9
401636,21.38
401637,24.52
401638,23.9
401639,21.38
401640,24.52
401641,23.9
401642,21.38
401643,24.52
401644,23.9
401645,21.38
401646,24.52
401647,23.9
401648,21.38
401649,24.52
401650,23.9
401657,21.38
401658,24.52
401659,23.9
401660,21.38
401661,24.52
401662,23.9
401663,21.38
401664,24.52
401665,23.9
401666,21.38
401667,24.52
401668,23.9
402103,21.38
402104,24.52
402105,23.9
402106,21.38
402107,24.52
402108,23.9
402115,21.38
402116,24.52
402117,23.9
402118,21.38
402119,24.52
402120,23.9
402121,21.38
402122,24.52
402123,23.9
402124,21.38
402125,24.52
402126,23.9
402130,21.38
402131,24.52
402132,23.9
402133,21.38
402134,24.52
402135,23.9
402142,21.38
402143,24.52
402144,23.9
402145,21.38
402146,24.52
402147,23.9
402166,21.38
402167,24.52
402168,23.9
402169,21.38
402170,24.52
402171,23.9
402172,21.38
402173,24.52
402174,23.9
402175,21.38
402176,24.52
402177,23.9
402178,21.38
402179,24.52
402180,23.9
402181,21.38
402182,24.52
402183,23.9
402184,21.38
402185,24.52
402186,23.9
402187,21.38
402188,24.52
402189,23.9
402196,21.38
402197,24.52
402198,23.9
402199,21.38
402200,24.52
402201,23.9
402202,21.38
402203,24.52
402204,23.9
402205,21.38
402206,24.52
402207,23.9
402208,21.38
402209,24.52
402210,23.9
402211,21.38
402212,24.52
402213,23.9
402214,21.38
402215,24.52
402216,23.9
402217,21.38
402218,24.52
402219,23.9
402220,21.38
402221,24.52
402222,23.9
402223,21.38
402224,24.52
402225,23.9
402226,21.38
402227,24.52
402228,23.9
402229,21.38
402230,24.52
402231,23.9
402232,21.38
402233,24.52
402234,23.9
402235,21.38
402236,24.52
402237,23.9
402238,21.38
402239,24.52
402240,23.9
402241,21.38
402242,24.52
402243,23.9
402250,21.38
402251,24.52
402252,23.9
402253,21.38
402254,24.52
402255,23.9
402256,21.38
402257,24.52
402258,23.9
402259,21.38
402260,24.52
402261,23.9
402262,21.38
402263,24.52
402264,23.9
402265,21.38
402266,24.52
402267,23.9
402268,21.38
402269,24.52
402270,23.9
402271,21.38
402272,24.52
402273,23.9
407434,21.38
407435,24.52
407436,23.9
407437,21.38
407438,24.52
407439,23.9
407455,21.38
407456,24.52
407457,23.9
407458,21.38
407459,24.52
407460,23.9
407461,21.38
407462,24.52
407463,23.9
407464,21.38
407465,24.52
407466,23.9
407479,21.38
407480,24.52
407481,23.9
407482,21.38
407483,24.52
407484,23.9
407485,21.38
407486,24.52
407487,23.9
407488,21.38
407489,24.52
407490,23.9
407491,21.38
407492,24.52
407493,23.9
407494,21.38
407495,24.52
407496,23.9
407497,21.38
407498,24.52
407499,23.9
407500,21.38
407501,24.52
407502,23.9
407503,21.38
407504,24.52
407505,23.9
407506,21.38
407507,24.52
407508,23.9
407575,21.38
407576,24.52
407577,23.9
407578,21.38
407579,24.52
407580,23.9
407581,21.38
407582,24.52
407583,23.9
407584,21.38
407585,24.52
407586,23.9
407593,21.38
407594,24.52
407595,23.9
407596,21.38
407597,24.52
407598,23.9
408081,21.38
408082,24.52
408083,23.93
408084,21.38
408085,24.52
408086,23.93
408087,21.38
408088,24.52
408089,23.93
408090,21.38
408091,24.52
408092,23.93
408093,21.38
408094,24.52
408095,23.93
408096,21.38
408097,24.52
408098,23.93
408099,21.38
408100,24.52
408101,23.93
408102,21.38
408103,24.52
408104,23.93
408105,21.38
408106,24.52
408107,23.93
408108,21.38
408109,24.52
408110,23.93
408111,21.38
408112,24.52
408113,23.93
408114,21.38
408115,24.52
408116,23.93
408123,21.38
408124,24.52
408125,23.93
408126,21.38
408127,24.52
408128,23.93
408144,21.38
408145,24.52
408146,23.93
408147,21.38
408148,24.52
408149,23.93
408162,21.38
408163,24.52
408164,23.93
408165,21.38
408166,24.52
408167,23.93
408168,21.38
408169,24.52
408170,23.93
408171,21.38
408172,24.52
408173,23.93
408174,21.38
408175,24.52
408176,23.93
408177,21.38
408178,24.52
408179,23.93
408258,21.38
408259,24.52
408260,23.93
408261,21.38
408262,24.52
408263,23.93
408264,21.38
408265,24.52
408266,23.93
408267,21.38
408268,24.52
408269,23.93
408270,21.38
408271,24.52
408272,23.93
408273,21.38
408274,24.52
408275,23.93
408279,21.38
408280,24.52
408281,23.93
408282,21.38
408283,24.52
408284,23.93
408285,21.38
408286,24.52
408287,23.93
408288,21.38
408289,24.52
408290,23.93
408291,21.38
408292,24.52
408293,23.93
408294,21.38
408295,24.52
408296,23.93
408303,21.38
408304,24.52
408305,23.93
408306,21.38
408307,24.52
408308,23.93
408309,21.38
408310,24.52
408311,23.93
408312,21.38
408313,24.52
408314,23.93
408315,21.38
408316,24.52
408317,23.93
408318,21.38
408319,24.52
408320,23.93
408321,21.38
408322,24.52
408323,23.93
408324,21.38
408325,24.52
408326,23.93
412701,21.36
412702,24.5
412703,23.9
412704,21.36
412705,24.5
412706,23.9
412707,21.36
412708,24.5
412709,23.9
412714,21.36
412715,24.5
412716,23.9
412717,21.36
412718,24.5
412719,23.9
412720,21.36
412721,24.5
412722,23.9
412723,21.36
412724,24.5
412725,23.9
412726,21.36
412727,24.5
412728,23.9
412745,21.36
412746,24.5
412747,23.9
412748,21.36
412749,24.5
412750,23.9
412751,21.36
412752,24.5
412753,23.9
412754,21.36
412755,24.5
412756,23.9
412775,21.36
412776,24.5
412777,23.9
412778,21.36
412779,24.5
412780,23.9
412832,21.36
412833,24.5
412834,23.9
412835,21.36
412837,23.9
412838,21.36
412839,24.5
412840,23.9
412841,21.36
412842,24.5
412843,23.9
412847,24.5
412848,21.36
412849,24.5
412850,23.9
412851,21.36
412852,24.5
412853,23.9
412854,21.36
412855,24.5
412856,23.9
412857,21.36
412858,24.5
412859,23.9
412860,21.36
412861,24.5
412862,23.9
412863,21.36
412864,24.5
412865,23.9
412866,21.36
412867,24.5
412868,23.9
412869,21.36
412870,24.5
412871,23.9
413393,21.38
413394,24.52
413395,23.85
413396,21.38
413397,24.52
413398,23.85
413399,21.38
413400,24.52
413401,23.85
413402,21.38
413403,24.52
413404,23.85
413405,21.38
413406,24.52
413407,23.85
413408,21.38
413409,24.52
413410,23.85
413411,21.38
413412,24.52
413413,23.85
413414,21.38
413415,24.52
413416,23.85
413417,21.38
413418,24.52
413419,23.85
413420,21.38
413421,24.52
413422,23.85
413435,21.38
413436,24.52
413437,23.85
413438,21.38
413439,24.52
413440,23.85
413441,21.38
413442,24.52
413443,23.85
413444,21.38
413445,24.52
413446,23.85
413447,21.38
413448,24.52
413449,23.85
413450,21.38
413451,24.52
413452,23.85
413453,21.38
413454,24.52
413455,23.85
413456,21.38
413457,24.52
413458,23.85
413465,21.38
413466,24.52
413467,23.85
413468,21.38
413469,24.52
413470,23.85
413471,21.38
413472,24.52
413473,23.85
413474,21.38
413475,24.52
413476,23.85
413477,21.38
413478,24.52
413479,23.85
413480,21.38
413481,24.52
413482,23.85
413489,21.38
413490,24.52
413491,23.85
413492,21.38
413493,24.52
413494,23.85
413507,21.38
413508,24.52
413509,23.85
413510,21.38
413511,24.52
413512,23.85
413513,21.38
413514,24.52
413515,23.85
413516,21.38
413517,24.52
413518,23.85
413519,21.38
413520,24.52
413521,23.85
413522,21.38
413523,24.52
413524,23.85
413525,21.38
413526,24.52
413527,23.85
413528,21.38
413529,24.52
413530,23.85
413531,21.38
413532,24.52
413533,23.85
413534,21.38
413535,24.52
413536,23.85
413543,21.38
413544,24.52
413545,23.85
413546,21.38
413547,24.52
413548,23.85
413549,21.38
413550,24.52
413551,23.85
413552,21.38
413553,24.52
413554,23.85
413561,21.38
413562,24.52
413563,23.85
413564,21.38
413565,24.52
413566,23.85
413591,21.38
413592,24.52
413593,23.85
413594,21.38
413595,24.52
413596,23.85
413597,21.38
413598,24.52
413599,23.85
413600,21.38
413601,24.52
413602,23.85
413603,21.38
413604,24.52
413605,23.85
413606,21.38
413607,24.52
413608,23.85
413609,21.38
413610,24.52
413611,23.85
413612,21.38
413613,24.52
413614,23.85
413727,21.31
413728,24.45
413729,23.85
413730,21.31
413731,24.45
413732,23.85
413733,21.31
413734,24.45
413735,23.85
413736,21.31
413737,24.45
413738,23.85
413739,21.31
413740,24.45
413741,23.85
413742,21.31
413743,24.45
413744,23.85
413745,21.31
413746,24.45
413747,23.85
413748,21.31
413749,24.45
413750,23.85
413751,21.31
413752,24.45
413753,23.85
413754,21.31
413755,24.45
413756,23.85
413775,21.31
413776,24.45
413777,23.85
413778,21.31
413779,24.45
413780,23.85
413781,21.31
413782,24.45
413783,23.85
413784,21.31
413785,24.45
413786,23.85
413787,21.31
413788,24.45
413789,23.85
413790,21.31
413791,24.45
413792,23.85
413799,21.31
413800,24.45
413801,23.85
413802,21.31
413803,24.45
413804,23.85
413805,21.31
413806,24.45
413807,23.85
413808,21.31
413809,24.45
413810,23.85
413823,21.31
413824,24.45
413825,23.85
413826,21.31
413827,24.45
413828,23.85
413835,21.31
413836,24.45
413837,23.85
413838,21.31
413839,24.45
413840,23.85
413841,21.31
413842,24.45
413843,23.85
413844,21.31
413845,24.45
413846,23.85
413847,21.31
413848,24.45
413849,23.85
413850,21.31
413851,24.45
413852,23.85
413853,21.31
413854,24.45
413855,23.85
413856,21.31
413857,24.45
413858,23.85
413859,21.31
413860,24.45
413861,23.85
413862,21.31
413863,24.45
413864,23.85
413865,21.31
413866,24.45
413867,23.85
413868,21.31
413869,24.45
413870,23.85
413871,21.31
413872,24.45
413873,23.85
413874,21.31
413875,24.45
413876,23.85
413877,21.31
413878,24.45
413879,23.85
413880,21.31
413881,24.45
413882,23.85
413892,21.31
413893,24.45
413894,23.85
413895,21.31
413896,24.45
413897,23.85
413922,21.31
413923,24.45
413924,23.85
413925,21.31
413926,24.45
413927,23.85
413928,21.31
413929,24.45
413930,23.85
413931,21.31
413932,24.45
413933,23.85
413934,21.31
413935,24.45
413936,23.85
413937,21.31
413938,24.45
413939,23.85
414669,21.32
414670,24.46
414671,23.84
414672,21.32
414673,24.46
414674,23.84
414687,21.32
414688,24.46
414689,23.84
414690,21.32
414691,24.46
414692,23.84
414813,21.32
414814,24.46
414815,23.84
414816,21.32
414817,24.46
414818,23.84
414819,21.32
414820,24.46
414821,23.84
414822,21.32
414823,24.46
414824,23.84
414825,21.32
414826,24.46
414827,23.84
414828,21.32
414829,24.46
414830,23.84
414831,21.32
414832,24.46
414833,23.84
414834,21.32
414835,24.46
414836,23.84
414843,21.32
414844,24.46
414845,23.84
414846,21.32
414847,24.46
414848,23.84
414849,21.32
414850,24.46
414851,23.84
414852,21.32
414853,24.46
414854,23.84
414861,21.32
414862,24.46
414863,23.84
414864,21.32
414865,24.46
414866,23.84
414867,21.32
414868,24.46
414869,23.84
414870,21.32
414871,24.46
414872,23.84
414873,21.32
414874,24.46
414875,23.84
414876,21.32
414877,24.46
414878,23.84
414879,21.32
414880,24.46
414881,23.84
414882,21.32
414883,24.46
414884,23.84
414885,21.32
414886,24.46
414887,23.84
414888,21.32
414889,24.46
414890,23.84
414897,21.32
414898,24.46
414899,23.84
414900,21.32
414901,24.46
414902,23.84
414903,21.32
414904,24.46
414905,23.84
414906,21.32
414907,24.46
414908,23.84
414927,21.32
414928,24.46
414929,23.84
414930,21.32
414931,24.46
414932,23.84
414939,21.32
414940,24.46
414941,23.84
414942,21.32
414943,24.46
414944,23.84
418152,21.33
418153,24.47
418154,23.85
418155,21.33
418156,24.47
418157,23.85
418158,21.33
418159,24.47
418160,23.85
418161,21.33
418162,24.47
418163,23.85
418164,21.33
418165,24.47
418166,23.85
418167,21.33
418168,24.47
418169,23.85
418182,21.33
418183,24.47
418184,23.85
418185,21.33
418186,24.47
418187,23.85
418188,21.33
418189,24.47
418190,23.85
418191,21.33
418192,24.47
418193,23.85
418194,21.33
418195,24.47
418196,23.85
418197,21.33
418198,24.47
418199,23.85
418200,21.33
418201,24.47
418202,23.85
418203,21.33
418204,24.47
418205,23.85
418206,21.33
418207,24.47
418208,23.85
418209,21.33
418210,24.47
418211,23.85
418224,21.33
418225,24.47
418226,23.85
418227,21.33
418228,24.47
418229,23.85
418230,21.33
418231,24.47
418232,23.85
418233,21.33
418234,24.47
418235,23.85
418254,21.33
418255,24.47
418256,23.85
418257,21.33
418258,24.47
418259,23.85
418266,21.33
418267,24.47
418268,23.85
418269,21.33
418270,24.47
418271,23.85
418278,21.33
418279,24.47
418280,23.85
418281,21.33
418282,24.47
418283,23.85
418284,21.33
418285,24.47
418286,23.85
418287,21.33
418288,24.47
418289,23.85
418302,21.33
418303,24.47
418304,23.85
418305,21.33
418306,24.47
418307,23.85
418308,21.33
418309,24.47
418310,23.85
418311,21.33
418312,24.47
418313,23.85
418314,21.33
418315,24.47
418316,23.85
418317,21.33
418318,24.47
418319,23.85
418320,21.33
418321,24.47
418322,23.85
418323,21.33
418324,24.47
418325,23.85
418326,21.33
418327,24.47
418328,23.85
418329,21.33
418330,24.47
418331,23.85
418332,21.33
418333,24.47
418334,23.85
418335,21.33
418336,24.47
418337,23.85
418338,21.33
418339,24.47
418340,23.85
418341,21.33
418342,24.47
418343,23.85
418344,21.33
418345,24.47
418346,23.85
418347,21.33
418348,24.47
418349,23.85
418350,21.33
418351,24.47
418352,23.85
418353,21.33
418354,24.47
418355,23.85
418356,21.33
418357,24.47
418358,23.85
418359,21.33
418360,24.47
418361,23.85
418377,21.33
418378,24.47
418379,23.85
418380,21.33
418381,24.47
418382,23.85
418383,21.33
418384,24.47
418385,23.85
418386,21.33
418387,24.47
418388,23.85
418389,21.33
418390,24.47
418391,23.85
418392,21.33
418393,24.47
418394,23.85
418395,21.33
418396,24.47
418397,23.85
418398,21.33
418399,24.47
418400,23.85
418407,21.33
418408,24.47
418409,23.85
418410,21.33
418411,24.47
418412,23.85
418413,21.33
418414,24.47
418415,23.85
418416,21.33
418417,24.47
418418,23.85
418419,21.33
418420,24.47
418421,23.85
418422,21.33
418423,24.47
418424,23.85
427559,21.38
427560,24.52
427561,23.92
427562,21.38
427563,24.52
427564,23.92
427571,21.38
427572,24.52
427573,23.92
427574,21.38
427575,24.52
427576,23.92
427583,21.38
427584,24.52
427585,23.92
427586,21.38
427587,24.52
427588,23.92
427601,21.38
427602,24.52
427603,23.92
427604,21.38
427605,24.52
427606,23.92
427625,21.38
427626,24.52
427627,23.92
427628,21.38
427629,24.52
427630,23.92
427631,21.38
427632,24.52
427633,23.92
427634,21.38
427635,24.52
427636,23.92
427637,21.38
427638,24.52
427639,23.92
427640,21.38
427641,24.52
427642,23.92
427704,21.38
427705,24.52
427706,23.92
427707,21.38
427708,24.52
427709,23.92
427728,21.38
427729,24.52
427730,23.92
427731,21.38
427732,24.52
427733,23.92
427752,21.38
427753,24.52
427754,23.92
427755,21.38
427756,24.52
427757,23.92
427758,21.38
427759,24.52
427760,23.92
427761,21.38
427762,24.52
427763,23.92
427764,21.38
427765,24.52
427766,23.92
427767,21.38
427768,24.52
427769,23.92
427788,21.38
427789,24.52
427790,23.92
427791,21.38
427792,24.52
427793,23.92
427818,21.38
427819,24.52
427820,23.92
427821,21.38
427822,24.52
427823,23.92
427836,21.38
427837,24.52
427838,23.92
427839,21.38
427840,24.52
427841,23.92
427848,21.38
427849,24.52
427850,23.92
427851,21.38
427852,24.52
427853,23.92
457642,21.36
457643,24.5
457644,23.88
457645,21.36
457646,24.5
457647,23.88
457648,21.36
457649,24.5
457650,23.88
457651,21.36
457652,24.5
457653,23.88
457654,21.36
457655,24.5
457656,23.88
457657,21.36
457658,24.5
457659,23.88
457660,21.36
457661,24.5
457662,23.88
457663,21.36
457664,24.5
457665,23.88
457678,21.36
457679,24.5
457680,23.88
457681,21.36
457682,24.5
457683,23.88
457684,21.36
457685,24.5
457686,23.88
457687,21.36
457688,24.5
457689,23.88
457696,21.36
457697,24.5
457698,23.88
457699,21.36
457700,24.5
457701,23.88
457738,21.36
457739,24.5
457740,23.88
457741,21.36
457742,24.5
457743,23.88
457750,21.36
457751,24.5
457752,23.88
457753,21.36
457754,24.5
457755,23.88
457768,21.36
457769,24.5
457770,23.88
457771,21.36
457772,24.5
457773,23.88
457774,21.36
457775,24.5
457776,23.88
457777,21.36
457778,24.5
457779,23.88
457780,21.36
457781,24.5
457782,23.88
457783,21.36
457784,24.5
457785,23.88
457822,21.36
457823,24.5
457824,23.88
457825,21.36
457826,24.5
457827,23.88
459487,21.37
459488,24.51
459489,23.89
459490,21.37
459491,24.51
459492,23.89
459493,21.37
459494,24.51
459495,23.89
459496,21.37
459497,24.51
459498,23.89
459533,21.37
459534,24.51
459535,23.89
459536,21.37
459537,24.51
459538,23.89
459545,21.37
459546,24.51
459547,23.89
459548,21.37
459549,24.51
459550,23.89
459563,21.37
459564,24.51
459565,23.89
459566,21.37
459567,24.51
459568,23.89
459581,21.37
459582,24.51
459583,23.89
459584,21.37
459585,24.51
459586,23.89
459587,21.37
459588,24.51
459589,23.89
459590,21.37
459591,24.51
459592,23.89
459593,21.37
459594,24.51
459595,23.89
459596,21.37
459597,24.51
459598,23.89
459718,21.37
459719,24.51
459720,23.88
459721,21.37
459722,24.51
459723,23.88
459901,21.37
459902,24.51
459903,23.88
459904,21.37
459905,24.51
459906,23.88
459907,21.37
459908,24.51
459909,23.88
459910,21.37
459911,24.51
459912,23.88
459919,21.37
459920,24.51
459921,23.88
459922,21.37
459923,24.51
459924,23.88
459931,21.37
459932,24.51
459933,23.88
459934,21.37
459935,24.51
459936,23.88
460056,21.37
460057,24.51
460058,23.87
460059,21.37
460060,24.51
460061,23.87
460062,21.37
460063,24.51
460064,23.87
460065,21.37
460066,24.51
460067,23.87
460068,21.37
460069,24.51
460070,23.87
460071,21.37
460072,24.51
460073,23.87
460080,21.37
460081,24.51
460082,23.87
460083,21.37
460084,24.51
460085,23.87
460107,21.37
460108,24.51
460109,23.87
460110,21.37
460111,24.51
460112,23.87
460119,21.37
460120,24.51
460121,23.87
460122,21.37
460123,24.51
460124,23.87
460125,21.37
460126,24.51
460127,23.87
460128,21.37
460129,24.51
460130,23.87
460143,21.37
460144,24.51
460145,23.87
460146,21.37
460147,24.51
460148,23.87
460170,21.37
460171,24.51
460172,23.87
460173,21.37
460174,24.51
460175,23.87
460230,21.37
460231,24.51
460232,23.87
460233,21.37
460234,24.51
460235,23.87
460236,21.37
460237,24.51
460238,23.87
460239,21.37
460240,24.51
460241,23.87
460260,21.37
460261,24.51
460262,23.87
460263,21.37
460264,24.51
460265,23.87
460272,21.37
460273,24.51
460274,23.87
460275,21.37
460276,24.51
460277,23.87
460278,21.37
460279,24.51
460280,23.87
460281,21.37
460282,24.51
460283,23.87
460424,21.37
460425,24.51
460426,23.89
460427,21.37
460428,24.51
460429,23.89
460436,21.37
460437,24.51
460438,23.89
460439,21.37
460440,24.51
460441,23.89
460460,21.37
460461,24.51
460462,23.89
460463,21.37
460464,24.51
460465,23.89
460466,21.37
460467,24.51
460468,23.89
460469,21.37
460470,24.51
460471,23.89
460475,21.37
460476,24.51
460477,23.89
460478,21.37
460479,24.51
460480,23.89
460493,21.37
460494,24.51
460495,23.89
460496,21.37
460497,24.51
460498,23.89
460499,21.37
460500,24.51
460501,23.89
460502,21.37
460503,24.51
460504,23.89
460505,21.37
460506,24.51
460507,23.89
460508,21.37
460509,24.51
460510,23.89
460517,21.37
460518,24.51
460519,23.89
460520,21.37
460521,24.51
460522,23.89
460538,21.37
460539,24.51
460540,23.89
460541,21.37
460542,24.51
460543,23.89
460577,21.37
460578,24.51
460579,23.89
460580,21.37
460581,24.51
460582,23.89
470266,21.4
470267,24.54
470268,23.87
470269,21.4
470270,24.54
470271,23.87
470272,21.4
470273,24.54
470274,23.87
470275,21.4
470276,24.54
470277,23.87
470278,21.4
470279,24.54
470280,23.87
470281,21.4
470282,24.54
470283,23.87
470290,21.4
470291,24.54
470292,23.87
470293,21.4
470294,24.54
470295,23.87
470302,21.4
470303,24.54
470304,23.87
470305,21.4
470306,24.54
470307,23.87
470308,21.4
470309,24.54
470310,23.87
470311,21.4
470312,24.54
470313,23.87
470314,21.4
470315,24.54
470316,23.87
470317,21.4
470318,24.54
470319,23.87
470320,21.4
470321,24.54
470322,23.87
470323,21.4
470324,24.54
470325,23.87
470338,21.4
470339,24.54
470340,23.87
470341,21.4
470342,24.54
470343,23.87
470359,21.4
470360,24.54
470361,23.87
470362,21.4
470363,24.54
470364,23.87
470365,21.4
470366,24.54
470367,23.87
470368,21.4
470369,24.54
470370,23.87
470371,21.4
470372,24.54
470373,23.87
470374,21.4
470375,24.54
470376,23.87
470377,21.4
470378,24.54
470379,23.87
470380,21.4
470381,24.54
470382,23.87
470383,21.4
470384,24.54
470385,23.87
470386,21.4
470387,24.54
470388,23.87
470389,21.4
470390,24.54
470391,23.87
470392,21.4
470393,24.54
470394,23.87
470395,21.4
470396,24.54
470397,23.87
470398,21.4
470399,24.54
470400,23.87
470401,21.4
470402,24.54
470403,23.87
470404,21.4
470405,24.54
470406,23.87
470527,21.4
470528,24.54
470529,23.9
470530,21.4
470531,24.54
470532,23.9
470533,21.4
470534,24.54
470535,23.9
470536,21.4
470537,24.54
470538,23.9
470539,21.4
470540,24.54
470541,23.9
470542,21.4
470543,24.54
470544,23.9
470545,21.4
470546,24.54
470547,23.9
470548,21.4
470549,24.54
470550,23.9
470557,21.4
470558,24.54
470559,23.9
470560,21.4
470561,24.54
470562,23.9
470578,21.4
470579,24.54
470580,23.9
470581,21.4
470582,24.54
470583,23.9
470590,21.4
470591,24.54
470592,23.9
470593,21.4
470594,24.54
470595,23.9
470602,21.4
470603,24.54
470604,23.9
470605,21.4
470606,24.54
470607,23.9
470608,21.4
470609,24.54
470610,23.9
470611,21.4
470612,24.54
470613,23.9
470614,21.4
470615,24.54
470616,23.9
470617,21.4
470618,24.54
470619,23.9
470620,21.4
470621,24.54
470622,23.9
470623,21.4
470624,24.54
470625,23.9
470626,21.4
470627,24.54
470628,23.9
470629,21.4
470630,24.54
470631,23.9
470762,21.4
470763,24.54
470764,23.9
470765,21.4
470766,24.54
470767,23.9
470768,21.4
470769,24.54
470770,23.9
470771,21.4
470772,24.54
470773,23.9
470774,21.4
470775,24.54
470776,23.9
470777,21.4
470778,24.54
470779,23.9
470780,21.4
470781,24.54
470782,23.9
470783,21.4
470784,24.54
470785,23.9
470796,21.4
470797,24.54
470798,23.9
470799,21.4
470800,24.54
470801,23.9
470802,21.4
470803,24.54
470804,23.9
470805,21.4
470806,24.54
470807,23.9
470808,21.4
470809,24.54
470810,23.9
470811,21.4
470812,24.54
470813,23.9
470814,21.4
470815,24.54
470816,23.9
470817,21.4
470818,24.54
470819,23.9
470820,21.4
470821,24.54
470822,23.9
470823,21.4
470824,24.54
470825,23.9
470832,21.4
470833,24.54
470834,23.9
470835,21.4
470836,24.54
470837,23.9
470844,21.4
470845,24.54
470846,23.9
470847,21.4
470848,24.54
470849,23.9
470850,21.4
470851,24.54
470852,23.9
470853,21.4
470854,24.54
470855,23.9
470856,21.4
470857,24.54
470858,23.9
470859,21.4
470860,24.54
470861,23.9
474515,21.43
474516,24.57
474517,23.9
474518,21.43
474519,24.57
474520,23.9
474650,21.43
474651,24.57
474652,23.9
474653,21.43
474654,24.57
474655,23.9
474668,21.43
474669,24.57
474670,23.9
474671,21.43
474672,24.57
474673,23.9
474680,21.43
474681,24.57
474682,23.9
474683,21.43
474684,24.57
474685,23.9
474686,21.43
474687,24.57
474688,23.9
474689,21.43
474690,24.57
474691,23.9
475968,21.39
475969,24.53
475970,23.89
475971,21.39
475972,24.53
475973,23.89
475974,21.39
475975,24.53
475976,23.89
475977,21.39
475978,24.53
475979,23.89
475980,21.39
475981,24.53
475982,23.89
475983,21.39
475984,24.53
475985,23.89
475986,21.39
475987,24.53
475988,23.89
475989,21.39
475990,24.53
475991,23.89
475992,21.39
475993,24.53
475994,23.89
475995,21.39
475996,24.53
475997,23.89
475998,21.39
475999,24.53
476000,23.89
476001,21.39
476002,24.53
476003,23.89
476016,21.39
476017,24.53
476018,23.89
476019,21.39
476020,24.53
476021,23.89
476028,21.39
476029,24.53
476030,23.89
476031,21.39
476032,24.53
476033,23.89
476045,21.39
476046,24.53
476047,23.89
476048,21.39
476049,24.53
476050,23.89
476051,21.39
476052,24.53
476053,23.89
476054,21.39
476055,24.53
476056,23.89
476057,21.39
476058,24.53
476059,23.89
476060,21.39
476061,24.53
476062,23.89
476063,21.39
476064,24.53
476065,23.89
476066,21.39
476067,24.53
476068,23.89
476075,21.39
476076,24.53
476077,23.89
476078,21.39
476079,24.53
476080,23.89
476081,21.39
476082,24.53
476083,23.89
476084,21.39
476085,24.53
476086,23.89
476087,21.39
476088,24.53
476089,23.89
476090,21.39
476091,24.53
476092,23.89
476093,21.39
476094,24.53
476095,23.89
476096,21.39
476097,24.53
476098,23.89
476099,21.39
476100,24.53
476101,23.89
476102,21.39
476103,24.53
476104,23.89
476105,21.39
476106,24.53
476107,23.89
476108,21.39
476109,24.53
476110,23.89
476111,21.39
476112,24.53
476113,23.89
476114,21.39
476115,24.53
476116,23.89
476117,21.39
476118,24.53
476119,23.89
476120,21.39
476121,24.53
476122,23.89
476123,21.39
476124,24.53
476125,23.89
476126,21.39
476127,24.53
476128,23.89
476129,21.39
476130,24.53
476131,23.89
476132,21.39
476133,24.53
476134,23.89
476135,21.39
476136,24.53
476137,23.89
476138,21.39
476139,24.53
476140,23.89
476147,21.39
476148,24.53
476149,23.89
476150,21.39
476151,24.53
476152,23.89
476162,21.39
476163,24.53
476164,23.89
476165,21.39
476166,24.53
476167,23.89
476168,21.39
476169,24.53
476170,23.89
476171,21.39
476172,24.53
476173,23.89
476174,21.39
476175,24.53
476176,23.89
476177,21.39
476178,24.53
476179,23.89
476180,21.39
476181,24.53
476182,23.89
476183,21.39
476184,24.53
476185,23.89
476186,21.39
476187,24.53
476188,23.89
476189,21.39
476190,24.53
476191,23.89
476192,21.39
476193,24.53
476194,23.89
476195,21.39
476196,24.53
476197,23.89
476204,21.39
476205,24.53
476206,23.89
476207,21.39
476208,24.53
476209,23.89
476216,21.39
476217,24.53
476218,23.89
476219,21.39
476220,24.53
476221,23.89
476222,21.39
476223,24.53
476224,23.89
476225,21.39
476226,24.53
476227,23.89
476234,21.39
476235,24.53
476236,23.89
476237,21.39
476238,24.53
476239,23.89
476240,21.39
476241,24.53
476242,23.89
476243,21.39
476244,24.53
476245,23.89
476246,21.39
476247,24.53
476248,23.89
476249,21.39
476250,24.53
476251,23.89
476252,21.39
476253,24.53
476254,23.89
476255,21.39
476256,24.53
476257,23.89
476276,21.39
476277,24.53
476278,23.89
476279,21.39
476280,24.53
476281,23.89
476282,21.39
476283,24.53
476284,23.89
476285,21.39
476286,24.53
476287,23.89
476288,21.39
476289,24.53
476290,23.89
476291,21.39
476292,24.53
476293,23.89
478160,21.39
478161,24.53
478162,23.88
478163,21.39
478164,24.53
478165,23.88
478166,21.39
478167,24.53
478168,23.88
478169,21.39
478170,24.53
478171,23.88
478178,21.39
478179,24.53
478180,23.88
478181,21.39
478182,24.53
478183,23.88
478253,21.39
478254,24.53
478255,23.88
478256,21.39
478257,24.53
478258,23.88
478265,21.39
478266,24.53
478267,23.88
478268,21.39
478269,24.53
478270,23.88
478271,21.39
478272,24.53
478273,23.88
478274,21.39
478275,24.53
478276,23.88
478277,21.39
478278,24.53
478279,23.88
478280,21.39
478281,24.53
478282,23.88
478291,21.39
478292,24.53
478293,23.88
478294,21.39
478295,24.53
478296,23.88
478297,21.39
478298,24.53
478299,23.88
478300,21.39
478301,24.53
478302,23.88
478309,21.39
478310,24.53
478311,23.88
478312,21.39
478313,24.53
478314,23.88
478315,21.39
478316,24.53
478317,23.88
478318,21.39
478319,24.53
478320,23.88
478321,21.39
478322,24.53
478323,23.88
478324,21.39
478325,24.53
478326,23.88
478333,21.39
478334,24.53
478335,23.88
478336,21.39
478337,24.53
478338,23.88
478387,21.39
478388,24.53
478389,23.88
478390,21.39
478391,24.53
478392,23.88
478405,21.39
478406,24.53
478407,23.88
478408,21.39
478409,24.53
478410,23.88
478411,21.39
478412,24.53
478413,23.88
478414,21.39
478415,24.53
478416,23.88
478429,21.39
478430,24.53
478431,23.88
478432,21.39
478433,24.53
478434,23.88
478435,21.39
478436,24.53
478437,23.88
478438,21.39
478439,24.53
478440,23.88
478441,21.39
478442,24.53
478443,23.88
478444,21.39
478445,24.53
478446,23.88
478447,21.39
478448,24.53
478449,23.88
478450,21.39
478451,24.53
478452,23.88
478453,21.39
478454,24.53
478455,23.88
478456,21.39
478457,24.53
478458,23.88
478508,21.39
478509,24.53
478510,23.87
478511,21.39
478512,24.53
478513,23.87
478520,21.39
478521,24.53
478522,23.87
478523,21.39
478524,24.53
478525,23.87
478538,21.39
478539,24.53
478540,23.87
478541,21.39
478542,24.53
478543,23.87
478550,21.39
478551,24.53
478552,23.87
478553,21.39
478554,24.53
478555,23.87
478574,21.39
478575,24.53
478576,23.87
478577,21.39
478578,24.53
478579,23.87
478595,21.39
478596,24.53
478597,23.87
478598,21.39
478599,24.53
478600,23.87
478607,21.39
478608,24.53
478609,23.87
478610,21.39
478611,24.53
478612,23.87
478637,21.39
478638,24.53
478639,23.87
478640,21.39
478641,24.53
478642,23.87
478643,21.39
478644,24.53
478645,23.87
478646,21.39
478647,24.53
478648,23.87
478658,21.39
478659,24.53
478660,23.87
478661,21.39
478662,24.53
478663,23.87
478664,21.39
478665,24.53
478666,23.87
478667,21.39
478668,24.53
478669,23.87
478706,21.39
478707,24.53
478708,23.87
478709,21.39
478710,24.53
478711,23.87
478712,21.39
478713,24.53
478714,23.87
478715,21.39
478716,24.53
478717,23.87
478718,21.39
478719,24.53
478720,23.87
478721,21.39
478722,24.53
478723,23.87
478733,21.39
478734,24.53
478735,23.87
478736,21.39
478737,24.53
478738,23.87
478745,21.39
478746,24.53
478747,23.87
478748,21.39
478749,24.53
478750,23.87
478751,21.39
478752,24.53
478753,23.87
478754,21.39
478755,24.53
478756,23.87
478769,21.39
478770,24.53
478771,23.87
478772,21.39
478773,24.53
478774,23.87
478775,21.39
478776,24.53
478777,23.87
478778,21.39
478779,24.53
478780,23.87
478787,21.39
478788,24.53
478789,23.87
478790,21.39
478791,24.53
478792,23.87
478793,21.39
478794,24.53
478795,23.87
478796,21.39
478797,24.53
478798,23.87
478814,21.39
478815,24.53
478816,23.87
478817,21.39
478818,24.53
478819,23.87
478826,21.39
478827,24.53
478828,23.87
478829,21.39
478830,24.53
478831,23.87
478844,21.39
478845,24.53
478846,23.87
478847,21.39
478848,24.53
478849,23.87
478850,21.39
478851,24.53
478852,23.87
478853,21.39
478854,24.53
478855,23.87
478856,21.39
478857,24.53
478858,23.87
478859,21.39
478860,24.53
478861,23.87
478862,21.39
478863,24.53
478864,23.87
478865,21.39
478866,24.53
478867,23.87
478868,21.39
478869,24.53
478870,23.87
478871,21.39
478872,24.53
478873,23.87
485127,21.38
485128,24.52
485129,23.87
485130,21.38
485131,24.52
485132,23.87
485139,21.38
485140,24.52
485141,23.87
485142,21.38
485143,24.52
485144,23.87
485158,21.38
485159,24.52
485160,23.87
485161,21.38
485162,24.52
485163,23.87
485164,21.38
485165,24.52
485166,23.87
485167,21.38
485168,24.52
485169,23.87
485170,21.38
485171,24.52
485172,23.87
485173,21.38
485174,24.52
485175,23.87
485176,21.38
485177,24.52
485178,23.87
485179,21.38
485180,24.52
485181,23.87
485182,21.38
485183,24.52
485184,23.87
485185,21.38
485186,24.52
485187,23.87
485188,21.38
485189,24.52
485190,23.87
485191,21.38
485192,24.52
485193,23.87
485200,21.38
485201,24.52
485202,23.87
485203,21.38
485204,24.52
485205,23.87
485206,21.38
485207,24.52
485208,23.87
485209,21.38
485210,24.52
485211,23.87
485212,21.38
485213,24.52
485214,23.87
485215,21.38
485216,24.52
485217,23.87
485218,21.38
485219,24.52
485220,23.87
485221,21.38
485222,24.52
485223,23.87
485224,21.38
485225,24.52
485226,23.87
485227,21.38
485228,24.52
485229,23.87
485242,21.38
485243,24.52
485244,23.87
485245,21.38
485246,24.52
485247,23.87
485260,21.38
485261,24.52
485262,23.87
485269,21.38
485270,24.52
485271,23.87
485275,21.38
485276,24.52
485277,23.87
485278,21.38
485279,24.52
485280,23.87
485281,21.38
485282,24.52
485283,23.87
485284,21.38
485285,24.52
485286,23.87
485291,21.38
485292,24.52
485293,23.87
485294,21.38
485295,24.52
485296,23.87
485297,21.38
485298,24.52
485299,23.87
485300,21.38
485301,24.52
485302,23.87
485303,21.38
485304,24.52
485305,23.87
485306,21.38
485307,24.52
485308,23.87
485309,21.38
485310,24.52
485311,23.87
485312,21.38
485313,24.52
485314,23.87
485315,21.38
485316,24.52
485317,23.87
485318,21.38
485319,24.52
485320,23.87
485321,21.38
485322,24.52
485323,23.87
485324,21.38
485325,24.52
485326,23.87
485327,21.38
485328,24.52
485329,23.87
485330,21.38
485331,24.52
485332,23.87
485333,21.38
485334,24.52
485335,23.87
485336,21.38
485337,24.52
485338,23.87
534235,21.44
534236,24.58
534237,23.91
534238,21.44
534239,24.58
534240,23.91
534424,21.44
534425,24.58
534426,23.91
534427,21.44
534428,24.58
534429,23.91
534725,21.4
534726,24.54
534727,23.87
534728,21.4
534729,24.54
534730,23.87
537318,21.4
537319,24.54
537320,23.92
537321,21.4
537322,24.54
537323,23.92
537324,21.4
537325,24.54
537326,23.92
537327,21.4
537328,24.54
537329,23.92
537330,21.4
537331,24.54
537332,23.92
537333,21.4
537334,24.54
537335,23.92
537342,21.4
537343,24.54
537344,23.92
537345,21.4
537346,24.54
537347,23.92
537348,21.4
537349,24.54
537350,23.92
537351,21.4
537352,24.54
537353,23.92
537354,21.4
537355,24.54
537356,23.92
537357,21.4
537358,24.54
537359,23.92
537360,21.4
537361,24.54
537362,23.92
537363,21.4
537364,24.54
537365,23.92
537366,21.4
537367,24.54
537368,23.92
537369,21.4
537370,24.54
537371,23.92
537372,21.4
537373,24.54
537374,23.92
537375,21.4
537376,24.54
537377,23.92
537378,21.4
537379,24.54
537380,23.92
537381,21.4
537382,24.54
537383,23.92
537384,21.4
537385,24.54
537386,23.92
537387,21.4
537388,24.54
537389,23.92
537401,21.4
537402,24.54
537403,23.92
537404,21.4
537405,24.54
537406,23.92
537407,21.4
537408,24.54
537409,23.92
537410,21.4
537411,24.54
537412,23.92
537431,21.4
537432,24.54
537433,23.92
537434,21.4
537435,24.54
537436,23.92
537437,21.4
537438,24.54
537439,23.92
537440,21.4
537441,24.54
537442,23.92
537443,21.4
537444,24.54
537445,23.92
537446,21.4
537447,24.54
537448,23.92
537467,21.4
537468,24.54
537469,23.92
537470,21.4
537471,24.54
537472,23.92
537473,21.4
537474,24.54
537475,23.92
537476,21.4
537477,24.54
537478,23.92
537518,21.4
537519,24.54
537520,23.92
537521,21.4
537522,24.54
537523,23.92
537524,21.4
537525,24.54
537526,23.92
537527,21.4
537528,24.54
537529,23.92
537530,21.4
537531,24.54
537532,23.92
537533,21.4
537534,24.54
537535,23.92
537542,21.4
537543,24.54
537544,23.92
537545,21.4
537546,24.54
537547,23.92
537548,21.4
537549,24.54
537550,23.92
537551,21.4
537552,24.54
537553,23.92
537554,21.4
537555,24.54
537556,23.92
537557,21.4
537558,24.54
537559,23.92
537560,21.4
537561,24.54
537562,23.92
537563,21.4
537564,24.54
537565,23.92
537566,21.4
537567,24.54
537568,23.92
537569,21.4
537570,24.54
537571,23.92
537594,21.4
537595,24.54
537596,23.92
537597,21.4
537598,24.54
537599,23.92
537600,21.4
537601,24.54
537602,23.92
537603,21.4
537604,24.54
537605,23.92
537618,21.4
537619,24.54
537620,23.92
537621,21.4
537622,24.54
537623,23.92
537624,21.4
537625,24.54
537626,23.92
537627,21.4
537628,24.54
537629,23.92
537630,21.4
537631,24.54
537632,23.92
537633,21.4
537634,24.54
537635,23.92
538238,21.41
538239,24.55
538240,23.92
538241,21.41
538242,24.55
538243,23.92
538244,21.41
538245,24.55
538246,23.92
538247,21.41
538248,24.55
538249,23.92
538250,21.41
538251,24.55
538252,23.92
538253,21.41
538254,24.55
538255,23.92
538286,21.41
538287,24.55
538288,23.92
538289,21.41
538290,24.55
538291,23.92
538301,21.41
538302,24.55
538303,23.92
538304,21.41
538305,24.55
538306,23.92
538307,21.41
538308,24.55
538309,23.92
538310,21.41
538311,24.55
538312,23.92
538313,21.41
538314,24.55
538315,23.92
538316,21.41
538317,24.55
538318,23.92
538331,21.41
538332,24.55
538333,23.92
538334,21.41
538335,24.55
538336,23.92
538337,21.41
538338,24.55
538339,23.92
538340,21.41
538341,24.55
538342,23.92
538343,21.41
538344,24.55
538345,23.92
538346,21.41
538347,24.55
538348,23.92
538349,21.41
538350,24.55
538351,23.92
538352,21.41
538353,24.55
538354,23.92
538355,21.41
538356,24.55
538357,23.92
538358,21.41
538359,24.55
538360,23.92
538361,21.41
538362,24.55
538363,23.92
538364,21.41
538365,24.55
538366,23.92
538370,21.41
538371,24.55
538372,23.92
538373,21.41
538374,24.55
538375,23.92
538388,21.41
538389,24.55
538390,23.92
538391,21.41
538392,24.55
538393,23.92
538398,21.41
538399,24.55
538400,23.92
538401,21.41
538402,24.55
538403,23.92
538404,21.41
538405,24.55
538406,23.92
538407,21.41
538408,24.55
538409,23.92
538422,21.41
538423,24.55
538424,23.92
538425,21.41
538426,24.55
538427,23.92
538428,21.41
538429,24.55
538430,23.92
538431,21.41
538432,24.55
538433,23.92
538440,21.41
538441,24.55
538442,23.92
538443,21.41
538444,24.55
538445,23.92
538446,21.41
538447,24.55
538448,23.92
538449,21.41
538450,24.55
538451,23.92
538452,21.41
538453,24.55
538454,23.92
538455,21.41
538456,24.55
538457,23.92
538458,21.41
538459,24.55
538460,23.92
538461,21.41
538462,24.55
538463,23.92
538464,21.41
538465,24.55
538466,23.92
538467,21.41
538468,24.55
538469,23.92
538593,21.41
538594,24.55
538595,23.92
538596,21.41
538597,24.55
538598,23.92
538599,21.41
538600,24.55
538601,23.92
538602,21.41
538603,24.55
538604,23.92
538611,21.41
538612,24.55
538613,23.92
538614,21.41
538615,24.55
538616,23.92
538617,21.41
538618,24.55
538619,23.92
538620,21.41
538621,24.55
538622,23.92
538623,21.41
538624,24.55
538625,23.92
538626,21.41
538627,24.55
538628,23.92
538635,21.41
538636,24.55
538637,23.92
538638,21.41
538639,24.55
538640,23.92
538647,21.41
538648,24.55
538649,23.92
538650,21.41
538651,24.55
538652,23.92
538653,21.41
538654,24.55
538655,23.92
538656,21.41
538657,24.55
538658,23.92
538659,21.41
538660,24.55
538661,23.92
538662,21.41
538663,24.55
538664,23.92
538665,21.41
538666,24.55
538667,23.92
538668,21.41
538669,24.55
538670,23.92
538691,21.41
538692,24.55
538693,23.92
538694,21.41
538695,24.55
538696,23.92
538697,21.41
538698,24.55
538699,23.92
538700,21.41
538701,24.55
538702,23.92
538703,21.41
538704,24.55
538705,23.92
538706,21.41
538707,24.55
538708,23.92
538709,21.41
538710,24.55
538711,23.92
538712,21.41
538713,24.55
538714,23.92
538715,21.41
538716,24.55
538717,23.92
538718,21.41
538719,24.55
538720,23.92
538721,21.41
538722,24.55
538723,23.92
538724,21.41
538725,24.55
538726,23.92
538727,21.41
538728,24.55
538729,23.92
538730,21.41
538731,24.55
538732,23.92
538739,21.41
538740,24.55
538741,23.92
538742,21.41
538743,24.55
538744,23.92
538745,21.41
538746,24.55
538747,23.92
538748,21.41
538749,24.55
538750,23.92
538751,21.41
538752,24.55
538753,23.92
538754,21.41
538755,24.55
538756,23.92
538757,21.41
538758,24.55
538759,23.92
538760,21.41
538761,24.55
538762,23.92
538773,21.41
538774,24.55
538775,23.92
538776,21.41
538777,24.55
538778,23.92
538785,21.41
538786,24.55
538787,23.92
538788,21.41
538789,24.55
538790,23.92
538791,21.41
538792,24.55
538793,23.92
538794,21.41
538795,24.55
538796,23.92
538797,21.41
538798,24.55
538799,23.92
538800,21.41
538801,24.55
538802,23.92
538803,21.41
538804,24.55
538805,23.92
538806,21.41
538807,24.55
538808,23.92
538809,21.41
538810,24.55
538811,23.92
538812,21.41
538813,24.55
538814,23.92
538815,21.41
538816,24.55
538817,23.92
538818,21.41
538819,24.55
538820,23.92
538832,21.41
538833,24.55
538834,23.92
538835,21.41
538836,24.55
538837,23.92
538838,21.41
538839,24.55
538840,23.92
538841,21.41
538842,24.55
538843,23.92
538844,21.41
538845,24.55
538846,23.92
538847,21.41
538848,24.55
538849,23.92
538863,21.41
538864,24.55
538865,23.92
538866,21.41
538867,24.55
538868,23.92
540927,21.39
540928,24.53
540929,23.88
540930,21.39
540931,24.53
540932,23.88
540939,21.39
540940,24.53
540941,23.88
540942,21.39
540943,24.53
540944,23.88
540951,21.39
540952,24.53
540953,23.88
540954,21.39
540955,24.53
540956,23.88
540957,21.39
540958,24.53
540959,23.88
540960,21.39
540961,24.53
540962,23.88
540963,21.39
540964,24.53
540965,23.88
540966,21.39
540967,24.53
540968,23.88
540969,21.39
540970,24.53
540971,23.88
540972,21.39
540973,24.53
540974,23.88
540975,21.39
540976,24.53
540977,23.88
540978,21.39
540979,24.53
540980,23.88
541072,21.39
541073,24.53
541074,23.88
541075,21.39
541076,24.53
541077,23.88
541096,21.39
541097,24.53
541098,23.88
541099,21.39
541100,24.53
541101,23.88
541144,21.39
541145,24.53
541146,23.88
541147,21.39
541148,24.53
541149,23.88
541162,21.39
541163,24.53
541164,23.88
541165,21.39
541166,24.53
541167,23.88
541168,21.39
541169,24.53
541170,23.88
541171,21.39
541172,24.53
541173,23.88
541180,21.39
541181,24.53
541182,23.88
541183,21.39
541184,24.53
541185,23.88
541186,21.39
541187,24.53
541188,23.88
541189,21.39
541190,24.53
541191,23.88
541192,21.39
541193,24.53
541194,23.88
541195,21.39
541196,24.53
541197,23.88
541198,21.39
541199,24.53
541200,23.88
541201,21.39
541202,24.53
541203,23.88
541210,21.39
541211,24.53
541212,23.88
541213,21.39
541214,24.53
541215,23.88
541703,21.41
541704,24.55
541705,23.89
541706,21.41
541707,24.55
541708,23.89
541709,21.41
541710,24.55
541711,23.89
541712,21.41
541713,24.55
541714,23.89
541715,21.41
541716,24.55
541717,23.89
541718,21.41
541719,24.55
541720,23.89
541781,21.41
541782,24.55
541783,23.89
541784,21.41
541785,24.55
541786,23.89
541787,21.41
541788,24.55
541789,23.89
541790,21.41
541791,24.55
541792,23.89
541859,21.41
541860,24.55
541861,23.89
541862,21.41
541863,24.55
541864,23.89
541865,21.41
541866,24.55
541867,23.89
541868,21.41
541869,24.55
541870,23.89
541871,21.41
541872,24.55
541873,23.89
541874,21.41
541875,24.55
541876,23.89
541928,21.41
541929,24.55
541930,23.89
541931,21.41
541932,24.55
541933,23.89
541934,21.41
541935,24.55
541936,23.89
541937,21.41
541938,24.55
541939,23.89
541946,21.41
541947,24.55
541948,23.89
541949,21.41
541950,24.55
541951,23.89
541952,21.41
541953,24.55
541954,23.89
541955,21.41
541956,24.55
541957,23.89
542132,21.4
542133,24.54
542134,23.88
542135,21.4
542136,24.54
542137,23.88
542138,21.4
542139,24.54
542140,23.88
542141,21.4
542142,24.54
542143,23.88
542144,21.4
542145,24.54
542146,23.88
542147,21.4
542148,24.54
542149,23.88
542156,21.4
542157,24.54
542158,23.88
542159,21.4
542160,24.54
542161,23.88
542162,21.4
542163,24.54
542164,23.88
542165,21.4
542166,24.54
542167,23.88
542168,21.4
542169,24.54
542170,23.88
542171,21.4
542172,24.54
542173,23.88
542189,21.4
542190,24.54
542191,23.88
542192,21.4
542193,24.54
542194,23.88
542201,21.4
542202,24.54
542203,23.88
542204,21.4
542205,24.54
542206,23.88
542207,21.4
542208,24.54
542209,23.88
542210,21.4
542211,24.54
542212,23.88
542213,21.4
542214,24.54
542215,23.88
542216,21.4
542217,24.54
542218,23.88
542219,21.4
542220,24.54
542221,23.88
542222,21.4
542223,24.54
542224,23.88
542225,21.4
542226,24.54
542227,23.88
542228,21.4
542229,24.54
542230,23.88
542237,21.4
542238,24.54
542239,23.88
542240,21.4
542241,24.54
542242,23.88
542243,21.4
542244,24.54
542245,23.88
542246,21.4
542247,24.54
542248,23.88
542255,21.4
542256,24.54
542257,23.88
542258,21.4
542259,24.54
542260,23.88
542261,21.4
542262,24.54
542263,23.88
542264,21.4
542265,24.54
542266,23.88
542273,21.4
542274,24.54
542275,23.88
542276,21.4
542277,24.54
542278,23.88
542279,21.4
542280,24.54
542281,23.88
542282,21.4
542283,24.54
542284,23.88
542285,21.4
542286,24.54
542287,23.88
542288,21.4
542289,24.54
542290,23.88
542291,21.4
542292,24.54
542293,23.88
542294,21.4
542295,24.54
542296,23.88
542297,21.4
542298,24.54
542299,23.88
542300,21.4
542301,24.54
542302,23.88
542303,21.4
542304,24.54
542305,23.88
542306,21.4
542307,24.54
542308,23.88
542309,21.4
542310,24.54
542311,23.88
542312,21.4
542313,24.54
542314,23.88
542315,21.4
542316,24.54
542317,23.88
542318,21.4
542319,24.54
542320,23.88
542321,21.4
542322,24.54
542323,23.88
542324,21.4
542325,24.54
542326,23.88
542327,21.4
542328,24.54
542329,23.88
542330,21.4
542331,24.54
542332,23.88
542333,21.4
542334,24.54
542335,23.88
542336,21.4
542337,24.54
542338,23.88
542339,21.4
542340,24.54
542341,23.88
542342,21.4
542343,24.54
542344,23.88
542351,21.4
542352,24.54
542353,23.88
542354,21.4
542355,24.54
542356,23.88
542357,21.4
542358,24.54
542359,23.88
542360,21.4
542361,24.54
542362,23.88
542363,21.4
542364,24.54
542365,23.88
542366,21.4
542367,24.54
542368,23.88
542369,21.4
542370,24.54
542371,23.88
542372,21.4
542373,24.54
542374,23.88
542375,21.4
542376,24.54
542377,23.88
542378,21.4
542379,24.54
542380,23.88
542381,21.4
542382,24.54
542383,23.88
542384,21.4
542385,24.54
542386,23.88
542399,21.4
542400,24.54
542401,23.88
542402,21.4
542403,24.54
542404,23.88
542405,21.4
542406,24.54
542407,23.88
542408,21.4
542409,24.54
542410,23.88
562389,21.42
562390,24.56
562391,23.94
562392,21.42
562393,24.56
562394,23.94
562419,21.42
562420,24.56
562421,23.94
562422,21.42
562423,24.56
562424,23.94
562425,21.42
562426,24.56
562427,23.94
562428,21.42
562429,24.56
562430,23.94
562431,21.42
562432,24.56
562433,23.94
562434,21.42
562435,24.56
562436,23.94
562437,21.42
562438,24.56
562439,23.94
562440,21.42
562441,24.56
562442,23.94
562479,21.42
562480,24.56
562481,23.94
562482,21.42
562483,24.56
562484,23.94
562749,21.42
562750,24.56
562751,23.95
562752,21.42
562753,24.56
562754,23.95
562796,21.42
562797,24.56
562798,23.95
562799,21.42
562800,24.56
562801,23.95
562802,21.42
562803,24.56
562804,23.95
562805,21.42
562806,24.56
562807,23.95
564324,21.39
564325,24.53
564326,23.91
564327,21.39
564328,24.53
564329,23.91
564348,21.39
564349,24.53
564350,23.91
564351,21.39
564352,24.53
564353,23.91
564354,21.39
564355,24.53
564356,23.91
564357,21.39
564358,24.53
564359,23.91
564360,21.39
564361,24.53
564362,23.91
564363,21.39
564364,24.53
564365,23.91
564366,21.39
564367,24.53
564368,23.91
564369,21.39
564370,24.53
564371,23.91
564372,21.39
564373,24.53
564374,23.91
564375,21.39
564376,24.53
564377,23.91
564378,21.39
564379,24.53
564380,23.91
564381,21.39
564382,24.53
564383,23.91
564390,21.39
564391,24.53
564392,23.91
564393,21.39
564394,24.53
564395,23.91
564396,21.39
564397,24.53
564398,23.91
564399,21.39
564400,24.53
564401,23.91
564402,21.39
564403,24.53
564404,23.91
564405,21.39
564406,24.53
564407,23.91
564420,21.39
564421,24.53
564422,23.91
564423,21.39
564424,24.53
564425,23.91
564426,21.39
564427,24.53
564428,23.91
564429,21.39
564430,24.53
564431,23.91
564432,21.39
564433,24.53
564434,23.91
564435,21.39
564436,24.53
564437,23.91
564444,21.39
564445,24.53
564446,23.91
564447,21.39
564448,24.53
564449,23.91
564462,21.39
564463,24.53
564464,23.91
564465,21.39
564466,24.53
564467,23.91
568848,21.42
568849,24.56
568850,23.93
568851,21.42
568852,24.56
568853,23.93
568854,21.42
568855,24.56
568856,23.93
568857,21.42
568858,24.56
568859,23.93
568869,21.42
568870,24.56
568871,23.93
568872,21.42
568873,24.56
568874,23.93
568875,21.42
568876,24.56
568877,23.93
568878,21.42
568879,24.56
568880,23.93
568881,21.42
568882,24.56
568883,23.93
568884,21.42
568885,24.56
568886,23.93
568887,21.42
568888,24.56
568889,23.93
568890,21.42
568891,24.56
568892,23.93
568914,21.42
568915,24.56
568916,23.93
568917,21.42
568918,24.56
568919,23.93
568920,21.42
568921,24.56
568922,23.93
568923,21.42
568924,24.56
568925,23.93
568926,21.42
568927,24.56
568928,23.93
568929,21.42
568930,24.56
568931,23.93
568932,21.42
568933,24.56
568934,23.93
568935,21.42
568936,24.56
568937,23.93
568938,21.42
568939,24.56
568940,23.93
568941,21.42
568942,24.56
568943,23.93
568944,21.42
568945,24.56
568946,23.93
568947,21.42
568948,24.56
568949,23.93
568950,21.42
568951,24.56
568952,23.93
568953,21.42
568954,24.56
568955,23.93
568956,21.42
568957,24.56
568958,23.93
568959,21.42
568960,24.56
568961,23.93
568968,21.42
568969,24.56
568970,23.93
568971,21.42
568972,24.56
568973,23.93
568974,21.42
568975,24.56
568976,23.93
568977,21.42
568978,24.56
568979,23.93
568980,21.42
568981,24.56
568982,23.93
568983,21.42
568984,24.56
568985,23.93
568986,21.42
568987,24.56
568988,23.93
568989,21.42
568990,24.56
568991,23.93
568992,21.42
568993,24.56
568994,23.93
568995,21.42
568996,24.56
568997,23.93
568998,21.42
568999,24.56
569000,23.93
569001,21.42
569002,24.56
569003,23.93
569004,21.42
569005,24.56
569006,23.93
569007,21.42
569008,24.56
569009,23.93
569040,21.42
569041,24.56
569042,23.93
569043,21.42
569044,24.56
569045,23.93
569664,21.44
569665,24.58
569666,23.96
569667,21.44
569668,24.58
569669,23.96
569688,21.44
569689,24.58
569690,23.96
569691,21.44
569692,24.58
569693,23.96
569694,21.44
569695,24.58
569696,23.96
569697,21.44
569698,24.58
569699,23.96
569700,21.44
569701,24.58
569702,23.96
569703,21.44
569704,24.58
569705,23.96
569706,21.44
569707,24.58
569708,23.96
569709,21.44
569710,24.58
569711,23.96
569712,21.44
569713,24.58
569714,23.96
569715,21.44
569716,24.58
569717,23.96
569718,21.44
569719,24.58
569720,23.96
569721,21.44
569722,24.58
569723,23.96
569724,21.44
569725,24.58
569726,23.96
569727,21.44
569728,24.58
569729,23.96
569730,21.44
569731,24.58
569732,23.96
569733,21.44
569734,24.58
569735,23.96
569739,21.44
569740,24.58
569741,23.96
569742,21.44
569743,24.58
569744,23.96
569757,21.44
569758,24.58
569759,23.96
569760,21.44
569761,24.58
569762,23.96
569763,21.44
569764,24.58
569765,23.96
569766,21.44
569767,24.58
569768,23.96
569781,21.44
569782,24.58
569783,23.96
569784,21.44
569785,24.58
569786,23.96
569793,21.44
569794,24.58
569795,23.96
569796,21.44
569797,24.58
569798,23.96
569799,21.44
569800,24.58
569801,23.96
569802,21.44
569803,24.58
569804,23.96
569805,21.44
569806,24.58
569807,23.96
569808,21.44
569809,24.58
569810,23.96
569811,21.44
569812,24.58
569813,23.96
569814,21.44
569815,24.58
569816,23.96
569817,21.44
569818,24.58
569819,23.96
569820,21.44
569821,24.58
569822,23.96
569829,21.44
569830,24.58
569831,23.96
569832,21.44
569833,24.58
569834,23.96
569853,21.44
569854,24.58
569855,23.96
569856,21.44
569857,24.58
569858,23.96
569964,21.43
569965,24.57
569966,23.96
569967,21.43
569968,24.57
569969,23.96
569985,21.43
569986,24.57
569987,23.96
569988,21.43
569989,24.57
569990,23.96
569991,21.43
569992,24.57
569993,23.96
569994,21.43
569995,24.57
569996,23.96
569997,21.43
569998,24.57
569999,23.96
570000,21.43
570001,24.57
570002,23.96
570003,21.43
570004,24.57
570005,23.96
570006,21.43
570007,24.57
570008,23.96
570009,21.43
570010,24.57
570011,23.96
570012,21.43
570013,24.57
570014,23.96
570015,21.43
570016,24.57
570017,23.96
570018,21.43
570019,24.57
570020,23.96
570027,21.43
570028,24.57
570029,23.96
570030,21.43
570031,24.57
570032,23.96
570033,21.43
570034,24.57
570035,23.96
570036,21.43
570037,24.57
570038,23.96
570039,21.43
570040,24.57
570041,23.96
570042,21.43
570043,24.57
570044,23.96
570045,21.43
570046,24.57
570047,23.96
570048,21.43
570049,24.57
570050,23.96
570051,21.43
570052,24.57
570053,23.96
570054,21.43
570055,24.57
570056,23.96
570057,21.43
570058,24.57
570059,23.96
570060,21.43
570061,24.57
570062,23.96
570063,21.43
570064,24.57
570065,23.96
570066,21.43
570067,24.57
570068,23.96
570072,21.43
570073,24.57
570074,23.96
570075,21.43
570076,24.57
570077,23.96
570078,21.43
570079,24.57
570080,23.96
570081,21.43
570082,24.57
570083,23.96
570084,21.43
570085,24.57
570086,23.96
570087,21.43
570088,24.57
570089,23.96
570090,21.43
570091,24.57
570092,23.96
570093,21.43
570094,24.57
570095,23.96
570108,21.43
570109,24.57
570110,23.96
570111,21.43
570112,24.57
570113,23.96
570114,21.43
570115,24.57
570116,23.96
570117,21.43
570118,24.57
570119,23.96
570120,21.43
570121,24.57
570122,23.96
570123,21.43
570124,24.57
570125,23.96
570132,21.43
570133,24.57
570134,23.96
570135,21.43
570136,24.57
570137,23.96
570138,21.43
570139,24.57
570140,23.96
570141,21.43
570142,24.57
570143,23.96
570144,21.43
570145,24.57
570146,23.96
570147,21.43
570148,24.57
570149,23.96
570150,21.43
570151,24.57
570152,23.96
570153,21.43
570154,24.57
570155,23.96
570554,21.44
570555,24.58
570556,23.97
570557,21.44
570558,24.58
570559,23.97
570578,21.44
570579,24.58
570580,23.97
570581,21.44
570582,24.58
570583,23.97
570596,21.44
570597,24.58
570598,23.97
570599,21.44
570600,24.58
570601,23.97
570602,21.44
570603,24.58
570604,23.97
570605,21.44
570606,24.58
570607,23.97
570608,21.44
570609,24.58
570610,23.97
570611,21.44
570612,24.58
570613,23.97
570614,21.44
570615,24.58
570616,23.97
570617,21.44
570618,24.58
570619,23.97
570626,21.44
570627,24.58
570628,23.97
570629,21.44
570630,24.58
570631,23.97
570632,21.44
570633,24.58
570634,23.97
570635,21.44
570636,24.58
570637,23.97
570638,21.44
570639,24.58
570640,23.97
570641,21.44
570642,24.58
570643,23.97
570644,21.44
570645,24.58
570646,23.97
570647,21.44
570648,24.58
570649,23.97
570662,21.44
570663,24.58
570664,23.97
570665,21.44
570666,24.58
570667,23.97
570668,21.44
570669,24.58
570670,23.97
570671,21.44
570672,24.58
570673,23.97
570701,21.44
570702,24.58
570703,23.97
570704,21.44
570705,24.58
570706,23.97
570707,21.44
570708,24.58
570709,23.97
570710,21.44
570711,24.58
570712,23.97
570713,21.44
570714,24.58
570715,23.97
570716,21.44
570717,24.58
570718,23.97
570743,21.44
570744,24.58
570745,23.97
570746,21.44
570747,24.58
570748,23.97
570749,21.44
570750,24.58
570751,23.97
570752,21.44
570753,24.58
570754,23.97
570755,21.44
570756,24.58
570757,23.97
570758,21.44
570759,24.58
570760,23.97
570761,21.44
570762,24.58
570763,23.97
570764,21.44
570765,24.58
570766,23.97
570767,21.44
570768,24.58
570769,23.97
570770,21.44
570771,24.58
570772,23.97
570779,21.44
570780,24.58
570781,23.97
570782,21.44
570783,24.58
570784,23.97
571198,21.44
571199,24.58
571200,23.92
571201,21.44
571202,24.58
571203,23.92
571234,21.44
571235,24.58
571236,23.92
571237,21.44
571238,24.58
571239,23.92
571240,21.44
571241,24.58
571242,23.92
571243,21.44
571244,24.58
571245,23.92
571246,21.44
571247,24.58
571248,23.92
571249,21.44
571250,24.58
571251,23.92
571252,21.44
571253,24.58
571254,23.92
571255,21.44
571256,24.58
571257,23.92
571264,21.44
571265,24.58
571266,23.92
571267,21.44
571268,24.58
571269,23.92
571270,21.44
571271,24.58
571272,23.92
571273,21.44
571274,24.58
571275,23.92
571294,21.44
571295,24.58
571296,23.92
571297,21.44
571298,24.58
571299,23.92
571309,21.44
571310,24.58
571311,23.92
571312,21.44
571313,24.58
571314,23.92
571315,21.44
571316,24.58
571317,23.92
571318,21.44
571319,24.58
571320,23.92
571327,21.44
571328,24.58
571329,23.92
571330,21.44
571331,24.58
571332,23.92
571333,21.44
571334,24.58
571335,23.92
571336,21.44
571337,24.58
571338,23.92
571345,21.44
571346,24.58
571347,23.92
571348,21.44
571349,24.58
571350,23.92
571351,21.44
571352,24.58
571353,23.92
571354,21.44
571355,24.58
571356,23.92
571357,21.44
571358,24.58
571359,23.92
571360,21.44
571361,24.58
571362,23.92
571363,21.44
571364,24.58
571365,23.92
571366,21.44
571367,24.58
571368,23.92
571369,21.44
571370,24.58
571371,23.92
571372,21.44
571373,24.58
571374,23.92
571375,21.44
571376,24.58
571377,23.92
571378,21.44
571379,24.58
571380,23.92
571393,21.44
571394,24.58
571395,23.92
571396,21.44
571397,24.58
571398,23.92
571399,21.44
571400,24.58
571401,23.92
571402,21.44
571403,24.58
571404,23.92
571411,21.44
571412,24.58
571413,23.92
571414,21.44
571415,24.58
571416,23.92
571417,21.44
571418,24.58
571419,23.92
571420,21.44
571421,24.58
571422,23.92
571519,21.44
571520,24.58
571521,23.95
571522,21.44
571523,24.58
571524,23.95
571549,21.44
571550,24.58
571551,23.95
571552,21.44
571553,24.58
571554,23.95
571561,21.44
571562,24.58
571563,23.95
571564,21.44
571565,24.58
571566,23.95
571591,21.44
571592,24.58
571593,23.95
571594,21.44
571595,24.58
571596,23.95
571597,21.44
571598,24.58
571599,23.95
571600,21.44
571601,24.58
571602,23.95
571615,21.44
571616,24.58
571617,23.95
571618,21.44
571619,24.58
571620,23.95
571639,21.44
571640,24.58
571641,23.95
571642,21.44
571643,24.58
571644,23.95
571675,21.44
571676,24.58
571677,23.95
571678,21.44
571679,24.58
571680,23.95
571687,21.44
571688,24.58
571689,23.95
571690,21.44
571691,24.58
571692,23.95
571699,21.44
571700,24.58
571701,23.95
571702,21.44
571703,24.58
571704,23.95
571705,21.44
571706,24.58
571707,23.95
571708,21.44
571709,24.58
571710,23.95
571711,21.44
571712,24.58
571713,23.95
571714,21.44
571715,24.58
571716,23.95
571717,21.44
571718,24.58
571719,23.95
571720,21.44
571721,24.58
571722,23.95
571729,21.44
571730,24.58
571731,23.95
571732,21.44
571733,24.58
571734,23.95
571735,21.44
571736,24.58
571737,23.95
571738,21.44
571739,24.58
571740,23.95
571741,21.44
571742,24.58
571743,23.95
571744,21.44
571745,24.58
571746,23.95
597410,21.41
597411,24.55
597412,23.92
597413,21.41
597414,24.55
597415,23.92
597416,21.41
597417,24.55
597418,23.92
597419,21.41
597420,24.55
597421,23.92
597422,21.41
597423,24.55
597424,23.92
597425,21.41
597426,24.55
597427,23.92
597464,21.41
597465,24.55
597466,23.92
597467,21.41
597468,24.55
597469,23.92
597482,21.41
597483,24.55
597484,23.92
597485,21.41
597486,24.55
597487,23.92
597488,21.41
597489,24.55
597490,23.92
597491,21.41
597492,24.55
597493,23.92
597509,21.41
597510,24.55
597511,23.92
597512,21.41
597513,24.55
597514,23.92
597515,21.41
597516,24.55
597517,23.92
597518,21.41
597519,24.55
597520,23.92
597521,21.41
597522,24.55
597523,23.92
597524,21.41
597525,24.55
597526,23.92
597527,21.41
597528,24.55
597529,23.92
597530,21.41
597531,24.55
597532,23.92
597533,21.41
597534,24.55
597535,23.92
597542,21.41
597543,24.55
597544,23.92
597548,21.41
597549,24.55
597550,23.92
597551,21.41
597552,24.55
597553,23.92
597554,21.41
597555,24.55
597556,23.92
597557,21.41
597558,24.55
597559,23.92
597560,21.41
597561,24.55
597562,23.92
597563,21.41
597564,24.55
597565,23.92
597776,21.45
597777,24.59
597778,23.94
597779,21.45
597780,24.59
597781,23.94
597788,21.45
597789,24.59
597790,23.94
597791,21.45
597792,24.59
597793,23.94
597867,21.45
597868,24.59
597869,23.94
597870,21.45
597871,24.59
597872,23.94
597897,21.45
597898,24.59
597899,23.94
597900,21.45
597901,24.59
597902,23.94
597945,21.45
597946,24.59
597947,23.94
597948,21.45
597949,24.59
597950,23.94
597963,21.45
597964,24.59
597965,23.94
597966,21.45
597967,24.59
597968,23.94
598208,21.45
598209,24.59
598210,23.93
598211,21.45
598212,24.59
598213,23.93
598214,21.45
598215,24.59
598216,23.93
598217,21.45
598218,24.59
598219,23.93
598226,21.45
598227,24.59
598228,23.93
598229,21.45
598230,24.59
598231,23.93
598232,21.45
598233,24.59
598234,23.93
598235,21.45
598236,24.59
598237,23.93
598241,21.45
598242,24.59
598243,23.93
598244,21.45
598245,24.59
598246,23.93
598247,21.45
598248,24.59
598249,23.93
598250,21.45
598251,24.59
598252,23.93
598259,21.45
598260,24.59
598261,23.93
598262,21.45
598263,24.59
598264,23.93
598289,21.45
598290,24.59
598291,23.93
598292,21.45
598293,24.59
598294,23.93
598307,21.45
598308,24.59
598309,23.93
598310,21.45
598311,24.59
598312,23.93
598393,21.45
598394,24.59
598395,23.93
598396,21.45
598397,24.59
598398,23.93
598411,21.45
598412,24.59
598413,23.93
598414,21.45
598415,24.59
598416,23.93
598420,21.45
598421,24.59
598422,23.93
598423,21.45
598424,24.59
598425,23.93
598426,21.45
598427,24.59
598428,23.93
598429,21.45
598430,24.59
598431,23.93
598432,21.45
598433,24.59
598434,23.93
598435,21.45
598436,24.59
598437,23.93
598444,21.45
598445,24.59
598446,23.93
598447,21.45
598448,24.59
598449,23.93
598450,21.45
598451,24.59
598452,23.93
598453,21.45
598454,24.59
598455,23.93
598510,21.45
598511,24.59
598512,23.93
598513,21.45
598514,24.59
598515,23.93
598522,21.45
598523,24.59
598524,23.93
598525,21.45
598526,24.59
598527,23.93
598534,21.45
598535,24.59
598536,23.93
598537,21.45
598538,24.59
598539,23.93
598588,21.45
598589,24.59
598590,23.93
598591,21.45
598592,24.59
598593,23.93
598618,21.45
598619,24.59
598620,23.93
598621,21.45
598622,24.59
598623,23.93
598654,21.45
598655,24.59
598656,23.93
598657,21.45
598658,24.59
598659,23.93
598666,21.45
598667,24.59
598668,23.93
598669,21.45
598670,24.59
598671,23.93
598705,21.45
598706,24.59
598707,23.93
598708,21.45
598709,24.59
598710,23.93
598723,21.45
598724,24.59
598725,23.93
598726,21.45
598727,24.59
598728,23.93
598729,21.45
598730,24.59
598731,23.93
598732,21.45
598733,24.59
598734,23.93
598765,21.45
598766,24.59
598767,23.93
598768,21.45
598769,24.59
598770,23.93
598836,21.45
598837,24.59
598838,23.94
598839,21.45
598840,24.59
598841,23.94
598842,21.45
598843,24.59
598844,23.94
598845,21.45
598846,24.59
598847,23.94
598848,21.45
598849,24.59
598850,23.94
598851,21.45
598852,24.59
598853,23.94
598854,21.45
598855,24.59
598856,23.94
598857,21.45
598858,24.59
598859,23.94
598860,21.45
598861,24.59
598862,23.94
598863,21.45
598864,24.59
598865,23.94
598866,21.45
598867,24.59
598868,23.94
598869,21.45
598870,24.59
598871,23.94
598878,21.45
598879,24.59
598880,23.94
598881,21.45
598882,24.59
598883,23.94
598884,21.45
598885,24.59
598886,23.94
598887,21.45
598888,24.59
598889,23.94
598932,21.45
598933,24.59
598934,23.94
598935,21.45
598936,24.59
598937,23.94
598944,21.45
598945,24.59
598946,23.94
598947,21.45
598948,24.59
598949,23.94
598986,21.45
598987,24.59
598988,23.94
598989,21.45
598990,24.59
598991,23.94
598992,21.45
598993,24.59
598994,23.94
598995,21.45
598996,24.59
598997,23.94
599022,21.45
599023,24.59
599024,23.94
599025,21.45
599026,24.59
599027,23.94
599034,21.45
599035,24.59
599036,23.94
599037,21.45
599038,24.59
599039,23.94
599574,21.45
599575,24.59
599576,23.92
599577,21.45
599578,24.59
599579,23.92
599628,21.45
599629,24.59
599630,23.92
599631,21.45
599632,24.59
599633,23.92
599646,21.45
599647,24.59
599648,23.92
599649,21.45
599650,24.59
599651,23.92
599652,21.45
599653,24.59
599654,23.92
599655,21.45
599656,24.59
599657,23.92
599676,21.45
599677,24.59
599678,23.92
599679,21.45
599680,24.59
599681,23.92
599694,21.45
599695,24.59
599696,23.92
599697,21.45
599698,24.59
599699,23.92
599712,21.45
599713,24.59
599714,23.92
599715,21.45
599716,24.59
599717,23.92
599772,21.45
599773,24.59
599774,23.92
599775,21.45
599776,24.59
599777,23.92
599784,21.45
599785,24.59
599786,23.92
599787,21.45
599788,24.59
599789,23.92
599814,21.45
599815,24.59
599816,23.92
599817,21.45
599818,24.59
599819,23.92
599862,21.45
599863,24.59
599864,23.92
599865,21.45
599866,24.59
599867,23.92
599868,21.45
599869,24.59
599870,23.92
599871,21.45
599872,24.59
599873,23.92
599898,21.45
599899,24.59
599900,23.92
599901,21.45
599902,24.59
599903,23.92
599946,21.45
599947,24.59
599948,23.92
599949,21.45
599950,24.59
599951,23.92
625732,21.31
625733,24.45
625734,23.8
625735,21.31
625736,24.45
625737,23.8
626190,21.41
626191,24.55
626192,23.93
626193,21.41
626194,24.55
626195,23.93
626196,21.41
626197,24.55
626198,23.93
626199,21.41
626200,24.55
626201,23.93
626202,21.41
626203,24.55
626204,23.93
626205,21.41
626206,24.55
626207,23.93
626208,21.41
626209,24.55
626210,23.93
626211,21.41
626212,24.55
626213,23.93
626214,21.41
626215,24.55
626216,23.93
626217,21.41
626218,24.55
626219,23.93
626253,21.41
626254,24.55
626255,23.93
626256,21.41
626257,24.55
626258,23.93
626271,21.41
626272,24.55
626273,23.93
626274,21.41
626275,24.55
626276,23.93
647361,21.47
647362,24.61
647363,23.97
647364,21.47
647365,24.61
647366,23.97
647385,21.47
647386,24.61
647387,23.97
647388,21.47
647389,24.61
647390,23.97
647391,21.47
647392,24.61
647393,23.97
647394,21.47
647395,24.61
647396,23.97
647403,21.47
647404,24.61
647405,23.97
647406,21.47
647407,24.61
647408,23.97
647409,21.47
647410,24.61
647411,23.97
647412,21.47
647413,24.61
647414,23.97
647415,21.47
647416,24.61
647417,23.97
647418,21.47
647419,24.61
647420,23.97
647421,21.47
647422,24.61
647423,23.97
647424,21.47
647425,24.61
647426,23.97
647433,21.47
647434,24.61
647435,23.97
647436,21.47
647437,24.61
647438,23.97
647485,21.47
647486,24.61
647487,23.97
647488,21.47
647489,24.61
647490,23.97
647503,21.47
647504,24.61
647505,23.97
647506,21.47
647507,24.61
647508,23.97
647515,21.47
647516,24.61
647517,23.97
647518,21.47
647519,24.61
647520,23.97
647527,21.47
647528,24.61
647529,23.97
647530,21.47
647531,24.61
647532,23.97
647533,21.47
647534,24.61
647535,23.97
647536,21.47
647537,24.61
647538,23.97
647539,21.47
647540,24.61
647541,23.97
647542,21.47
647543,24.61
647544,23.97
647560,21.47
647561,24.61
647562,23.97
647563,21.47
647564,24.61
647565,23.97
647608,21.47
647609,24.61
647610,23.97
647611,21.47
647612,24.61
647613,23.97
647632,21.47
647633,24.61
647634,23.97
647635,21.47
647636,24.61
647637,23.97
647665,21.47
647666,24.61
647667,23.97
647668,21.47
647669,24.61
647670,23.97
649285,21.41
649360,21.41
649477,21.41
649478,24.55
649479,23.88
649480,21.41
649481,24.55
649482,23.88
649489,21.41
649490,24.55
649491,23.88
649492,21.41
649493,24.55
649494,23.88
649495,21.41
649496,24.55
649497,23.88
649498,21.41
649499,24.55
649500,23.88
649514,24.55
649515,23.88
649516,21.41
649517,24.55
649518,23.88
649526,24.55
649527,23.88
649528,21.41
649529,24.55
649530,23.88
649531,21.41
649532,24.55
649533,23.88
649534,21.41
649535,24.55
649536,23.88
649537,21.41
649538,24.55
649539,23.88
649540,21.41
649541,24.55
649542,23.88
649561,21.41
649562,24.55
649563,23.88
649564,21.41
649565,24.55
649566,23.88
649585,21.41
649586,24.55
649587,23.88
649588,21.41
649589,24.55
649590,23.88
649642,21.41
649643,24.55
649644,23.88
649645,21.41
649646,24.55
649647,23.88
649654,21.41
649655,24.55
649656,23.88
649657,21.41
649658,24.55
649659,23.88
649696,21.41
649697,24.55
649698,23.88
649699,21.41
649700,24.55
649701,23.88
649711,21.41
649712,24.55
649713,23.88
649714,21.41
649715,24.55
649716,23.88
649759,21.41
649760,24.55
649761,23.88
649762,21.41
649763,24.55
649764,23.88
649777,21.41
649778,24.55
649779,23.88
649780,21.41
649781,24.55
649782,23.88
650807,21.42
650808,24.56
650809,23.89
650810,21.42
650811,24.56
650812,23.89
650819,21.42
650820,24.56
650821,23.89
650822,21.42
650823,24.56
650824,23.89
702485,21.4
702486,24.54
702487,23.87
702488,21.4
702489,24.54
702490,23.87
702491,21.4
702492,24.54
702493,23.87
702494,21.4
702495,24.54
702496,23.87
702509,21.4
702510,24.54
702511,23.87
702512,21.4
702513,24.54
702514,23.87
702539,21.4
702540,24.54
702541,23.87
702542,21.4
702543,24.54
702544,23.87
702545,21.4
702546,24.54
702547,23.87
702548,21.4
702549,24.54
702550,23.87
702551,21.4
702552,24.54
702553,23.87
702554,21.4
702555,24.54
702556,23.87
702563,21.4
702564,24.54
702565,23.87
702566,21.4
702567,24.54
702568,23.87
702575,21.4
702576,24.54
702577,23.87
702578,21.4
702579,24.54
702580,23.87
702581,21.4
702582,24.54
702583,23.87
702584,21.4
702585,24.54
702586,23.87
702611,21.4
702612,24.54
702613,23.87
702614,21.4
702615,24.54
702616,23.87
702623,21.4
702624,24.54
702625,23.87
702626,21.4
702627,24.54
702628,23.87
702629,21.4
702630,24.54
702631,23.87
702632,21.4
702633,24.54
702634,23.87
702641,21.4
702642,24.54
702643,23.87
702644,21.4
702645,24.54
702646,23.87
702647,21.4
702648,24.54
702649,23.87
702650,21.4
702651,24.54
702652,23.87
702653,21.4
702654,24.54
702655,23.87
702656,21.4
702657,24.54
702658,23.87
702659,21.4
702660,24.54
702661,23.87
702662,21.4
702663,24.54
702664,23.87
702671,21.4
702672,24.54
702673,23.87
702674,21.4
702675,24.54
702676,23.87
702677,21.4
702678,24.54
702679,23.87
702680,21.4
702681,24.54
702682,23.87
702683,21.4
702684,24.54
702685,23.87
702686,21.4
702687,24.54
702688,23.87
702695,21.4
702696,24.54
702697,23.87
702698,21.4
702699,24.54
702700,23.87
702701,21.4
702702,24.54
702703,23.87
702704,21.4
702705,24.54
702706,23.87
702713,21.4
702714,24.54
702715,23.87
702716,21.4
702717,24.54
702718,23.87
702719,21.4
702720,24.54
702721,23.87
702722,21.4
702723,24.54
702724,23.87
702725,21.4
702726,24.54
702727,23.87
702728,21.4
702729,24.54
702730,23.87
702731,21.4
702732,24.54
702733,23.87
702734,21.4
702735,24.54
702736,23.87
702737,21.4
702738,24.54
702739,23.87
702740,21.4
702741,24.54
702742,23.87
702743,21.4
702744,24.54
702745,23.87
702746,21.4
702747,24.54
702748,23.87
702755,21.4
702756,24.54
702757,23.87
702758,21.4
702759,24.54
702760,23.87
702761,21.4
702762,24.54
702763,23.87
702764,21.4
702765,24.54
702766,23.87
702767,21.4
702768,24.54
702769,23.87
702770,21.4
702771,24.54
702772,23.87
702773,21.4
702774,24.54
702775,23.87
702776,21.4
702777,24.54
702778,23.87
702797,21.4
702798,24.54
702799,23.87
702800,21.4
702801,24.54
702802,23.87
702827,21.4
702828,24.54
702829,23.87
702830,21.4
702831,24.54
702832,23.87
703340,21.4
703341,24.54
703342,23.9
703343,21.4
703344,24.54
703345,23.9
703358,21.4
703359,24.54
703360,23.9
703361,21.4
703362,24.54
703363,23.9
703364,21.4
703365,24.54
703366,23.9
703367,21.4
703368,24.54
703369,23.9
703376,21.4
703377,24.54
703378,23.9
703379,21.4
703380,24.54
703381,23.9
703406,21.4
703407,24.54
703408,23.9
703409,21.4
703410,24.54
703411,23.9
703418,21.4
703419,24.54
703420,23.9
703421,21.4
703422,24.54
703423,23.9
703424,21.4
703425,24.54
703426,23.9
703427,21.4
703428,24.54
703429,23.9
703493,21.4
703494,24.54
703495,23.9
703496,21.4
703497,24.54
703498,23.9
703499,21.4
703500,24.54
703501,23.9
703502,21.4
703503,24.54
703504,23.9
703517,21.4
703518,24.54
703519,23.9
703520,21.4
703521,24.54
703522,23.9
703535,21.4
703536,24.54
703537,23.9
703538,21.4
703539,24.54
703540,23.9
703607,21.4
703608,24.54
703609,23.9
703610,21.4
703611,24.54
703612,23.9
703631,21.4
703632,24.54
703633,23.9
703634,21.4
703635,24.54
703636,23.9
703661,21.4
703662,24.54
703663,23.9
703664,21.4
703665,24.54
703666,23.9
703667,21.4
703668,24.54
703669,23.9
703670,21.4
703671,24.54
703672,23.9
703679,21.4
703680,24.54
703681,23.9
703682,21.4
703683,24.54
703684,23.9
703685,21.4
703686,24.54
703687,23.9
703688,21.4
703689,24.54
703690,23.9
703691,21.4
703692,24.54
703693,23.9
703694,21.4
703695,24.54
703696,23.9
703715,21.4
703716,24.54
703717,23.9
703718,21.4
703719,24.54
703720,23.9
703721,21.4
703722,24.54
703723,23.9
703724,21.4
703725,24.54
703726,23.9
703727,21.4
703728,24.54
703729,23.9
703730,21.4
703731,24.54
703732,23.9
703739,21.4
703740,24.54
703741,23.9
703742,21.4
703743,24.54
703744,23.9
703864,21.4
703865,24.54
703866,23.89
703867,21.4
703868,24.54
703869,23.89
